"Station","Date","Sdepth","Wtemp","Ph","DO","Spcond","Salinity","Cruise","SECCHI","tempF"
"CB5.3",2023-07-27,0,NA,NA,NA,NA,NA,NA,NA,NA
"LE2.3",2023-07-27,0.5,82.22,8,6.8,26400,16.1,NA,"1.6",82.22
"LE2.3",2023-07-27,1,82.04,8,6.8,26400,16.1,NA,NA,82.04
"LE2.3",2023-07-27,2,82.04,8,6.8,26400,16.1,NA,NA,82.04
"LE2.3",2023-07-27,3,82.04,8,6.7,26400,16.1,NA,NA,82.04
"LE2.3",2023-07-27,4,82.04,8,6.7,26400,16.1,NA,NA,82.04
"LE2.3",2023-07-27,5,81.86,8,6.5,26500,16.2,NA,NA,81.86
"LE2.3",2023-07-27,6,81.86,8,6,26700,16.3,NA,NA,81.86
"LE2.3",2023-07-27,7,81.68,7.9,5.9,26800,16.4,NA,NA,81.68
"LE2.3",2023-07-27,8,81.5,7.9,5.7,26900,16.4,NA,NA,81.5
"LE2.3",2023-07-27,9,80.96,7.8,4.5,27300,16.8,NA,NA,80.96
"LE2.3",2023-07-27,10,79.16,7.2,0.2,29400,18.2,NA,NA,79.16
"LE2.3",2023-07-27,11,79.52,7.2,0.3,29400,18.3,NA,NA,79.52
"LE2.3",2023-07-27,12,79.7,7.3,0.3,29700,18.3,NA,NA,79.7
"LE2.3",2023-07-27,13,79.88,7.3,0.6,30200,18.7,NA,NA,79.88
"LE2.3",2023-07-27,14,79.88,7.3,0.6,30300,18.7,NA,NA,79.88
"LE2.3",2023-07-27,15,79.88,7.3,0.6,30300,18.8,NA,NA,79.88
"LE2.3",2023-07-27,16,79.7,7.3,0.6,30300,18.8,NA,NA,79.7
"LE2.3",2023-07-27,17,79.7,7.3,0.7,30300,18.8,NA,NA,79.7
"CB5.2",2023-07-27,0.5,81.86,7.9,6.3,27100,16.6,NA,"1.5",81.86
"CB5.2",2023-07-27,1,81.68,7.9,6.2,27100,16.6,NA,NA,81.68
"CB5.2",2023-07-27,2,81.68,7.9,6.2,27100,16.6,NA,NA,81.68
"CB5.2",2023-07-27,3,81.68,7.9,6.1,27100,16.6,NA,NA,81.68
"CB5.2",2023-07-27,4,81.68,7.9,6,27100,16.6,NA,NA,81.68
"CB5.2",2023-07-27,5,81.68,7.9,6,27000,16.6,NA,NA,81.68
"CB5.2",2023-07-27,6,81.68,7.9,5.7,27200,16.6,NA,NA,81.68
"CB5.2",2023-07-27,7,81.68,7.9,5.8,27200,16.6,NA,NA,81.68
"CB5.2",2023-07-27,8,81.68,7.9,5.8,27100,16.6,NA,NA,81.68
"CB5.2",2023-07-27,9,81.68,7.8,5.7,27200,16.6,NA,NA,81.68
"CB5.2",2023-07-27,10,81.68,7.8,5.7,27200,16.6,NA,NA,81.68
"CB5.2",2023-07-27,11,81.5,7.8,5.6,27200,16.6,NA,NA,81.5
"CB5.2",2023-07-27,12,78.62,7.2,0.5,31000,19.2,NA,NA,78.62
"CB5.2",2023-07-27,13,78.26,7.2,0.2,31500,19.6,NA,NA,78.26
"CB5.2",2023-07-27,14,78.08,7.2,0.2,31600,19.7,NA,NA,78.08
"CB5.2",2023-07-27,15,78.26,7.2,0.2,32000,19.9,NA,NA,78.26
"CB5.2",2023-07-27,16,78.26,7.2,0.2,32000,20,NA,NA,78.26
"CB5.2",2023-07-27,17,77.9,7.2,0.2,32000,20,NA,NA,77.9
"CB5.2",2023-07-27,18,78.08,7.2,0.2,32200,20.1,NA,NA,78.08
"CB5.2",2023-07-27,19,78.44,7.2,0.2,32400,20.2,NA,NA,78.44
"CB5.2",2023-07-27,21,78.26,7.2,0.2,32600,20.3,NA,NA,78.26
"CB5.2",2023-07-27,23,77.9,7.2,0.2,32700,20.4,NA,NA,77.9
"CB5.2",2023-07-27,25,77.54,7.2,0.2,32700,20.4,NA,NA,77.54
"CB5.2",2023-07-27,27,76.64,7.2,0.2,32700,20.4,NA,NA,76.64
"CB5.2",2023-07-27,29,76.1,7.2,0.3,32700,20.5,NA,NA,76.1
"CB5.1",2023-07-27,0.5,82.58,8.1,7.4,26100,15.9,NA,"1.5",82.58
"CB5.1",2023-07-27,1,82.4,8.1,7.5,26100,15.9,NA,NA,82.4
"CB5.1",2023-07-27,2,82.4,8.1,7.5,26100,15.9,NA,NA,82.4
"CB5.1",2023-07-27,3,82.4,8.1,7.4,26000,15.9,NA,NA,82.4
"CB5.1",2023-07-27,4,82.22,8.1,7.4,26000,15.9,NA,NA,82.22
"CB5.1",2023-07-27,5,82.22,8,7.2,26100,15.9,NA,NA,82.22
"CB5.1",2023-07-27,6,82.04,8,7.1,26100,15.9,NA,NA,82.04
"CB5.1",2023-07-27,7,82.04,8,7.1,26100,15.9,NA,NA,82.04
"CB5.1",2023-07-27,8,82.04,8,7.1,26100,15.9,NA,NA,82.04
"CB5.1",2023-07-27,9,82.22,8,7.1,26100,15.9,NA,NA,82.22
"CB5.1",2023-07-27,10,82.22,8,7,26100,15.9,NA,NA,82.22
"CB5.1",2023-07-27,11,82.22,8,7,26200,15.9,NA,NA,82.22
"CB5.1",2023-07-27,12,82.22,8,7,26200,15.9,NA,NA,82.22
"CB5.1",2023-07-27,13,82.04,8,6.9,26200,16,NA,NA,82.04
"CB5.1",2023-07-27,14,81.86,8,6.7,26200,16,NA,NA,81.86
"CB5.1",2023-07-27,15,79.7,7.6,3.4,28000,17.2,NA,NA,79.7
"CB5.1",2023-07-27,16,76.82,7.2,0.2,30700,19.1,NA,NA,76.82
"CB5.1",2023-07-27,17,75.92,7.2,0.1,31900,19.9,NA,NA,75.92
"CB5.1",2023-07-27,18,75.92,7.2,0.1,32100,20,NA,NA,75.92
"CB5.1",2023-07-27,19,75.74,7.2,0.1,32200,20.1,NA,NA,75.74
"CB5.1",2023-07-27,21,75.56,7.2,0.2,32400,20.2,NA,NA,75.56
"CB5.1",2023-07-27,23,75.56,7.2,0.2,32400,20.2,NA,NA,75.56
"CB5.1",2023-07-27,25,75.56,7.2,0.2,32400,20.2,NA,NA,75.56
"CB5.1",2023-07-27,27,75.56,7.2,0.2,32400,20.3,NA,NA,75.56
"CB5.1",2023-07-27,29,75.56,7.2,0.2,32500,20.3,NA,NA,75.56
"CB5.1",2023-07-27,31,75.38,7.2,0.2,32600,20.4,NA,NA,75.38
"CB5.1",2023-07-27,33,75.2,7.2,0.2,32600,20.4,NA,NA,75.2
"CB5.1",2023-07-27,34,75.02,7.2,0.3,32600,20.4,NA,NA,75.02
"CB4.4",2023-07-27,0.5,82.58,8.1,7.6,26000,15.8,NA,"1.5",82.58
"CB4.4",2023-07-27,1,82.58,8.1,7.8,26000,15.8,NA,NA,82.58
"CB4.4",2023-07-27,2,82.4,8.1,7.7,26000,15.8,NA,NA,82.4
"CB4.4",2023-07-27,3,82.4,8.1,7.6,26000,15.8,NA,NA,82.4
"CB4.4",2023-07-27,4,82.4,8.1,7.5,26000,15.8,NA,NA,82.4
"CB4.4",2023-07-27,5,82.4,8.1,7.5,26000,15.8,NA,NA,82.4
"CB4.4",2023-07-27,6,82.22,8.1,7.3,26000,15.8,NA,NA,82.22
"CB4.4",2023-07-27,7,82.22,8.1,7.2,26000,15.8,NA,NA,82.22
"CB4.4",2023-07-27,8,82.22,8,7.1,26000,15.8,NA,NA,82.22
"CB4.4",2023-07-27,9,82.04,8,7,26000,15.8,NA,NA,82.04
"CB4.4",2023-07-27,10,82.04,8,6.9,26000,15.8,NA,NA,82.04
"CB4.4",2023-07-27,11,81.68,8,6.2,26300,16,NA,NA,81.68
"CB4.4",2023-07-27,12,80.78,7.8,4.5,26800,16.4,NA,NA,80.78
"CB4.4",2023-07-27,13,79.52,7.5,2.9,27600,16.9,NA,NA,79.52
"CB4.4",2023-07-27,14,78.62,7.3,1.4,28500,17.5,NA,NA,78.62
"CB4.4",2023-07-27,15,77.54,7.2,0.7,29100,17.9,NA,NA,77.54
"CB4.4",2023-07-27,16,76.64,7.2,0.1,30000,18.6,NA,NA,76.64
"CB4.4",2023-07-27,17,76.28,7.2,0.2,30300,18.8,NA,NA,76.28
"CB4.4",2023-07-27,18,76.1,7.2,0.2,31000,19.2,NA,NA,76.1
"CB4.4",2023-07-27,19,76.1,7.2,0.1,31000,19.3,NA,NA,76.1
"CB4.4",2023-07-27,20,75.92,7.2,0.2,31200,19.4,NA,NA,75.92
"CB4.4",2023-07-27,21,75.92,7.2,0.2,31200,19.4,NA,NA,75.92
"CB4.4",2023-07-27,22,75.92,7.2,0.2,31300,19.5,NA,NA,75.92
"CB4.4",2023-07-27,23,75.92,7.2,0.2,31500,19.6,NA,NA,75.92
"CB4.4",2023-07-27,24,75.74,7.2,0.2,31700,19.7,NA,NA,75.74
"CB4.4",2023-07-27,25,75.74,7.2,0.2,31800,19.8,NA,NA,75.74
"CB4.4",2023-07-27,26,75.56,7.2,0.2,32000,20,NA,NA,75.56
"CB4.4",2023-07-27,27,75.56,7.2,0.2,32100,20,NA,NA,75.56
"CB4.4",2023-07-27,29,75.38,7.2,0.2,32300,20.1,NA,NA,75.38
"CB4.4",2023-07-27,31,75.38,7.2,0.2,32300,20.2,NA,NA,75.38
"CB4.3E",2023-07-27,0.5,82.4,8,7.1,24700,15,NA,"1.5",82.4
"CB4.3E",2023-07-27,1,82.4,8,7,24800,15,NA,NA,82.4
"CB4.3E",2023-07-27,2,82.22,8,6.9,24700,15,NA,NA,82.22
"CB4.3E",2023-07-27,3,82.22,8,6.9,24700,15,NA,NA,82.22
"CB4.3E",2023-07-27,4,82.22,8,6.8,24700,15,NA,NA,82.22
"CB4.3E",2023-07-27,5,82.22,8,6.8,24700,15,NA,NA,82.22
"CB4.3E",2023-07-27,6,82.22,8,6.8,24700,15,NA,NA,82.22
"CB4.3E",2023-07-27,7,82.04,8,6.7,24700,15,NA,NA,82.04
"CB4.3E",2023-07-27,8,82.04,8,6.6,24700,15,NA,NA,82.04
"CB4.3E",2023-07-27,9,81.86,7.9,6.5,24700,15,NA,NA,81.86
"CB4.3E",2023-07-27,10,81.86,7.9,6.3,24800,15,NA,NA,81.86
"CB4.3E",2023-07-27,11,81.86,7.9,6.3,24900,15.1,NA,NA,81.86
"CB4.3E",2023-07-27,12,81.86,7.9,6.3,24900,15.1,NA,NA,81.86
"CB4.3E",2023-07-27,13,80.06,7.6,4,26100,15.9,NA,NA,80.06
"CB4.3E",2023-07-27,14,79.34,7.5,2.9,27100,16.6,NA,NA,79.34
"CB4.3E",2023-07-27,15,78.62,7.4,2.2,27700,17,NA,NA,78.62
"CB4.3E",2023-07-27,16,77.36,7.2,0.7,29000,17.9,NA,NA,77.36
"CB4.3E",2023-07-27,17,75.92,7.2,0.2,30200,18.7,NA,NA,75.92
"CB4.3E",2023-07-27,19,75.56,7.2,0.2,30600,19,NA,NA,75.56
"CB4.3E",2023-07-27,21,75.74,7.3,0.3,30600,19,NA,NA,75.74
"CB4.3C",2023-07-27,0.5,82.94,8,7.3,24700,15,NA,"1.5",82.94
"CB4.3C",2023-07-27,1,82.76,8,7.3,24700,15,NA,NA,82.76
"CB4.3C",2023-07-27,2,82.58,8,7.2,24700,15,NA,NA,82.58
"CB4.3C",2023-07-27,3,82.4,8,7,24800,15,NA,NA,82.4
"CB4.3C",2023-07-27,4,82.22,7.9,6.6,24800,15,NA,NA,82.22
"CB4.3C",2023-07-27,5,82.22,7.9,6.4,25100,15,NA,NA,82.22
"CB4.3C",2023-07-27,6,82.04,7.8,5.9,25100,15.2,NA,NA,82.04
"CB4.3C",2023-07-27,7,81.68,7.9,6.2,25200,15.3,NA,NA,81.68
"CB4.3C",2023-07-27,8,81.68,7.9,6.2,25200,15.3,NA,NA,81.68
"CB4.3C",2023-07-27,9,81.68,7.9,6.1,25200,15.3,NA,NA,81.68
"CB4.3C",2023-07-27,10,81.5,7.9,5.8,25200,15.3,NA,NA,81.5
"CB4.3C",2023-07-27,11,79.88,7.6,4.7,25700,15.6,NA,NA,79.88
"CB4.3C",2023-07-27,12,80.42,7.6,4.1,25900,15.7,NA,NA,80.42
"CB4.3C",2023-07-27,13,76.82,7.1,0.3,28000,17.2,NA,NA,76.82
"CB4.3C",2023-07-27,14,76.82,7.2,0.3,28000,17.3,NA,NA,76.82
"CB4.3C",2023-07-27,15,76.82,7.2,0.3,28100,17.3,NA,NA,76.82
"CB4.3C",2023-07-27,16,76.46,7.2,0.2,28200,17.4,NA,NA,76.46
"CB4.3C",2023-07-27,17,75.92,7.2,0.2,28800,17.7,NA,NA,75.92
"CB4.3C",2023-07-27,18,75.74,7.2,0.2,29600,18.3,NA,NA,75.74
"CB4.3C",2023-07-27,19,75.56,7.2,0.2,29800,18.5,NA,NA,75.56
"CB4.3C",2023-07-27,21,75.38,7.2,0.2,30400,18.8,NA,NA,75.38
"CB4.3C",2023-07-27,23,75.02,7.2,0.2,30600,19,NA,NA,75.02
"CB4.3C",2023-07-27,25,75.02,7.3,0.3,30700,19.1,NA,NA,75.02
"CB4.3W",2023-07-28,0.5,82.76,8.1,7,24100,14.6,NA,"1.6",82.76
"CB4.3W",2023-07-28,1,82.76,8.1,7,24100,14.6,NA,NA,82.76
"CB4.3W",2023-07-28,2,82.58,8.1,6.7,24100,14.6,NA,NA,82.58
"CB4.3W",2023-07-28,3,82.58,8,6.5,24100,14.6,NA,NA,82.58
"CB4.3W",2023-07-28,4,82.4,7.9,5.8,24200,14.6,NA,NA,82.4
"CB4.3W",2023-07-28,5,82.04,7.8,4.5,24400,14.8,NA,NA,82.04
"CB4.3W",2023-07-28,6,80.96,7.4,2.5,24800,15.1,NA,NA,80.96
"CB4.3W",2023-07-28,7,80.24,7.4,1.6,25000,15.2,NA,NA,80.24
"CB4.3W",2023-07-28,8,79.88,7.3,1.3,25100,15.2,NA,NA,79.88
"CB4.3W",2023-07-28,9,79.88,7.4,1.2,25100,15.3,NA,NA,79.88
"CB4.2W",2023-07-28,0.5,82.04,8,6.9,23500,14.2,NA,"2.2",82.04
"CB4.2W",2023-07-28,1,82.04,8,6.9,23500,14.2,NA,NA,82.04
"CB4.2W",2023-07-28,2,82.04,8,6.8,23500,14.2,NA,NA,82.04
"CB4.2W",2023-07-28,3,81.86,8,6.7,23500,14.2,NA,NA,81.86
"CB4.2W",2023-07-28,4,81.86,8,6.7,23500,14.2,NA,NA,81.86
"CB4.2W",2023-07-28,5,81.86,8,6.4,23500,14.2,NA,NA,81.86
"CB4.2W",2023-07-28,6,80.6,7.5,3.4,24100,14.5,NA,NA,80.6
"CB4.2W",2023-07-28,7,79.7,7.3,1.1,24600,14.9,NA,NA,79.7
"CB4.2W",2023-07-28,8,79.7,7.3,1.1,24600,14.9,NA,NA,79.7
"CB4.2C",2023-07-27,0.5,82.4,8,7.4,24100,14.6,NA,"1.9",82.4
"CB4.2C",2023-07-27,1,82.22,8,7.3,24100,14.6,NA,NA,82.22
"CB4.2C",2023-07-27,2,82.22,8,7.2,24100,14.6,NA,NA,82.22
"CB4.2C",2023-07-27,3,82.22,8,7.1,24100,14.6,NA,NA,82.22
"CB4.2C",2023-07-27,4,82.04,8,7.1,24100,14.5,NA,NA,82.04
"CB4.2C",2023-07-27,5,82.04,8,7.1,24000,14.5,NA,NA,82.04
"CB4.2C",2023-07-27,6,81.86,7.9,6.8,24000,14.5,NA,NA,81.86
"CB4.2C",2023-07-27,7,81.86,7.9,6.7,24000,14.5,NA,NA,81.86
"CB4.2C",2023-07-27,8,81.86,7.9,6.6,24000,14.5,NA,NA,81.86
"CB4.2C",2023-07-27,9,81.68,7.9,6.4,24000,14.5,NA,NA,81.68
"CB4.2C",2023-07-27,10,81.5,7.8,6,24000,14.5,NA,NA,81.5
"CB4.2C",2023-07-27,11,80.78,7.7,5,24800,15,NA,NA,80.78
"CB4.2C",2023-07-27,12,80.24,7.6,4.2,25100,15.3,NA,NA,80.24
"CB4.2C",2023-07-27,13,76.82,7.1,0.5,26700,16.3,NA,NA,76.82
"CB4.2C",2023-07-27,14,76.1,7.1,0.2,28000,17.2,NA,NA,76.1
"CB4.2C",2023-07-27,15,75.74,7.1,0.2,28500,17.6,NA,NA,75.74
"CB4.2C",2023-07-27,16,75.38,7.2,0.2,29000,17.9,NA,NA,75.38
"CB4.2C",2023-07-27,17,75.02,7.2,0.2,29500,18.2,NA,NA,75.02
"CB4.2C",2023-07-27,19,74.84,7.2,0.2,30300,18.8,NA,NA,74.84
"CB4.2C",2023-07-27,21,74.66,7.2,0.2,30700,19.1,NA,NA,74.66
"CB4.2C",2023-07-27,22,74.66,7.2,0.2,30900,19.2,NA,NA,74.66
"CB4.2C",2023-07-27,23,74.66,7.2,0.2,30900,19.2,NA,NA,74.66
"CB4.2C",2023-07-27,25,74.66,7.3,0.3,31400,19.5,NA,NA,74.66
"CB4.2C",2023-07-27,26,74.66,7.3,0.4,31500,19.6,NA,NA,74.66
"CB4.2E",2023-07-27,0.5,83.12,8,7.5,24400,14.7,NA,"1.6",83.12
"CB4.2E",2023-07-27,1,82.94,8,7.5,24400,14.8,NA,NA,82.94
"CB4.2E",2023-07-27,2,82.94,8,7.4,24400,14.8,NA,NA,82.94
"CB4.2E",2023-07-27,3,82.94,8,7.5,24400,14.8,NA,NA,82.94
"CB4.2E",2023-07-27,4,82.76,8,7.3,24500,14.8,NA,NA,82.76
"CB4.2E",2023-07-27,5,82.76,8,7.3,24500,14.8,NA,NA,82.76
"CB4.2E",2023-07-27,6,82.94,8,7.3,24500,14.8,NA,NA,82.94
"CB4.2E",2023-07-27,7,82.76,8,7.4,24500,14.8,NA,NA,82.76
"CB4.2E",2023-07-27,8,82.58,8,7,24600,14.9,NA,NA,82.58
"CB4.1E",2023-07-27,0.5,82.76,8,7.2,23000,13.8,NA,"1.7",82.76
"CB4.1E",2023-07-27,1,82.76,8,7.2,23000,13.8,NA,NA,82.76
"CB4.1E",2023-07-27,2,82.58,7.7,7.1,23000,13.9,NA,NA,82.58
"CB4.1E",2023-07-27,3,82.22,7.9,6.8,23100,13.9,NA,NA,82.22
"CB4.1E",2023-07-27,4,82.04,7.9,6.6,23100,13.9,NA,NA,82.04
"CB4.1E",2023-07-27,5,81.86,7.9,6.3,23200,13.9,NA,NA,81.86
"CB4.1E",2023-07-27,6,81.68,7.8,6,23100,13.9,NA,NA,81.68
"CB4.1E",2023-07-27,7,81.68,7.8,5.9,23200,14,NA,NA,81.68
"CB4.1E",2023-07-27,8,81.68,7.8,5.8,23200,14,NA,NA,81.68
"CB4.1E",2023-07-27,9,81.5,7.8,5.3,23400,14.1,NA,NA,81.5
"CB4.1E",2023-07-27,10,81.68,7.8,5.2,23500,14.2,NA,NA,81.68
"CB4.1E",2023-07-27,11,81.68,7.8,5.2,23500,14.2,NA,NA,81.68
"CB4.1E",2023-07-27,12,81.86,7.7,5.1,23700,14.3,NA,NA,81.86
"CB4.1E",2023-07-27,13,81.68,7.7,4.7,23800,14.5,NA,NA,81.68
"CB4.1E",2023-07-27,14,80.78,7.4,3,24500,14.8,NA,NA,80.78
"CB4.1E",2023-07-27,15,80.24,7.3,1.6,25300,15.4,NA,NA,80.24
"CB4.1E",2023-07-27,16,79.52,7.2,1.3,25400,15.4,NA,NA,79.52
"CB4.1E",2023-07-27,17,78.98,7.2,0.8,25700,15.7,NA,NA,78.98
"CB4.1E",2023-07-27,18,76.64,7.2,0.2,27700,17,NA,NA,76.64
"CB4.1E",2023-07-27,19,76.28,7.2,0.2,28100,17.3,NA,NA,76.28
"CB4.1E",2023-07-27,21,76.1,7.3,0.2,28300,17.4,NA,NA,76.1
"CB4.1E",2023-07-27,23,75.92,7.3,0.2,28300,17.4,NA,NA,75.92
"CB4.1E",2023-07-27,24,75.92,7.4,0.3,28300,17.4,NA,NA,75.92
"CB4.1C",2023-07-27,0.5,83.12,8,8,22700,13.6,NA,"0.9",83.12
"CB4.1C",2023-07-27,1,83.3,8.1,8.1,22700,13.6,NA,NA,83.3
"CB4.1C",2023-07-27,2,83.3,8.1,8.1,22700,13.6,NA,NA,83.3
"CB4.1C",2023-07-27,3,83.3,8.1,8.1,22700,13.6,NA,NA,83.3
"CB4.1C",2023-07-27,4,83.12,8,7.8,22700,13.6,NA,NA,83.12
"CB4.1C",2023-07-27,5,83.12,8,7.7,22700,13.6,NA,NA,83.12
"CB4.1C",2023-07-27,6,82.58,8,7.4,22600,13.6,NA,NA,82.58
"CB4.1C",2023-07-27,7,82.22,7.9,7.2,22800,13.7,NA,NA,82.22
"CB4.1C",2023-07-27,8,82.22,7.9,7.1,22900,13.8,NA,NA,82.22
"CB4.1C",2023-07-27,9,81.5,7.8,6.3,22900,13.8,NA,NA,81.5
"CB4.1C",2023-07-27,10,80.96,7.6,4.7,23400,14.1,NA,NA,80.96
"CB4.1C",2023-07-27,11,80.6,7.5,3.8,23900,14.5,NA,NA,80.6
"CB4.1C",2023-07-27,12,80.06,7.3,2.5,24700,15,NA,NA,80.06
"CB4.1C",2023-07-27,13,78.08,7.2,0.7,26600,16.2,NA,NA,78.08
"CB4.1C",2023-07-27,15,77,7.2,0.5,27000,16.5,NA,NA,77
"CB4.1C",2023-07-27,16,76.64,7.2,0.4,27200,16.7,NA,NA,76.64
"CB4.1C",2023-07-27,17,76.28,7.2,0.4,27400,16.8,NA,NA,76.28
"CB4.1C",2023-07-27,18,75.38,7.2,0.1,28200,17.4,NA,NA,75.38
"CB4.1C",2023-07-27,19,74.66,7.2,0.1,28900,17.9,NA,NA,74.66
"CB4.1C",2023-07-27,20,74.12,7.2,0.1,29800,18.5,NA,NA,74.12
"CB4.1C",2023-07-27,21,73.94,7.2,0.2,30100,18.7,NA,NA,73.94
"CB4.1C",2023-07-27,23,73.94,7.2,0.2,30300,18.8,NA,NA,73.94
"CB4.1C",2023-07-27,25,73.94,7.2,0.2,30400,18.9,NA,NA,73.94
"CB4.1C",2023-07-27,27,74.12,7.2,0.2,30500,18.9,NA,NA,74.12
"CB4.1C",2023-07-27,29,73.94,7.3,0.2,30600,19,NA,NA,73.94
"CB4.1C",2023-07-27,31,73.94,7.4,0.3,30800,19.1,NA,NA,73.94
"CB4.1W",2023-07-27,0.5,83.48,8.2,9.1,21900,13.1,NA,"1",83.48
"CB4.1W",2023-07-27,1,83.3,8.2,9.1,21900,13.1,NA,NA,83.3
"CB4.1W",2023-07-27,2,82.76,8.1,7.9,21900,13.1,NA,NA,82.76
"CB4.1W",2023-07-27,3,81.5,7.8,6.1,22100,13.3,NA,NA,81.5
"CB4.1W",2023-07-27,4,81.5,7.7,4.6,23300,14,NA,NA,81.5
"CB4.1W",2023-07-27,5,81.14,7.6,4.1,23600,14.2,NA,NA,81.14
"CB4.1W",2023-07-27,6,80.6,7.5,3.6,23800,14.3,NA,NA,80.6
"CB4.1W",2023-07-27,7,79.52,7.4,2.8,24300,14.7,NA,NA,79.52
"CB4.1W",2023-07-27,8,78.98,7.4,1.4,24900,15.1,NA,NA,78.98
"CB3.3E",2023-07-28,0.5,82.94,8,7.7,19100,11.3,NA,"1",82.94
"CB3.3E",2023-07-28,1,82.76,8,7.6,19100,11.3,NA,NA,82.76
"CB3.3E",2023-07-28,2,82.4,7.9,7,19100,11.3,NA,NA,82.4
"CB3.3E",2023-07-28,3,82.04,7.7,6.2,19300,11.5,NA,NA,82.04
"CB3.3E",2023-07-28,4,81.68,7.7,5.5,19800,11.8,NA,NA,81.68
"CB3.3E",2023-07-28,5,81.68,7.7,5.5,20000,11.8,NA,NA,81.68
"CB3.3E",2023-07-28,6,80.78,7.5,4.2,20400,12.2,NA,NA,80.78
"CB3.3C",2023-07-28,0.5,82.4,7.9,7.2,19000,11.2,NA,"1.1",82.4
"CB3.3C",2023-07-28,1,82.4,7.9,7,19300,11.4,NA,NA,82.4
"CB3.3C",2023-07-28,2,82.4,7.9,7,19400,11.5,NA,NA,82.4
"CB3.3C",2023-07-28,3,82.22,7.9,7,19400,11.5,NA,NA,82.22
"CB3.3C",2023-07-28,4,82.22,7.9,7,19400,11.5,NA,NA,82.22
"CB3.3C",2023-07-28,5,82.22,7.9,7,19500,11.5,NA,NA,82.22
"CB3.3C",2023-07-28,6,82.22,7.9,6.9,19500,11.6,NA,NA,82.22
"CB3.3C",2023-07-28,7,82.22,7.9,6.8,19600,11.7,NA,NA,82.22
"CB3.3C",2023-07-28,8,81.68,7.9,5.6,19800,11.7,NA,NA,81.68
"CB3.3C",2023-07-28,9,80.96,7.5,4.4,20000,11.9,NA,NA,80.96
"CB3.3C",2023-07-28,10,80.42,7.4,3.7,20400,12.1,NA,NA,80.42
"CB3.3C",2023-07-28,11,80.42,7.4,3.7,20400,12.2,NA,NA,80.42
"CB3.3C",2023-07-28,12,80.24,7.4,3.4,20800,12.3,NA,NA,80.24
"CB3.3C",2023-07-28,13,79.88,7.4,3.1,21000,12.5,NA,NA,79.88
"CB3.3C",2023-07-28,14,79.52,7.3,2.7,21400,12.8,NA,NA,79.52
"CB3.3C",2023-07-28,15,79.34,7.3,2.3,21700,13,NA,NA,79.34
"CB3.3C",2023-07-28,16,79.16,7.3,2.1,21900,13.1,NA,NA,79.16
"CB3.3C",2023-07-28,17,78.8,7.2,1.8,22500,13.5,NA,NA,78.8
"CB3.3C",2023-07-28,18,78.44,7.2,1.6,23100,14,NA,NA,78.44
"CB3.3C",2023-07-28,19,77.36,7.2,0.8,24400,14.8,NA,NA,77.36
"CB3.3C",2023-07-28,20,76.64,7.2,0.7,25000,15.2,NA,NA,76.64
"CB3.3C",2023-07-28,21,76.64,7.2,0.5,25500,15.4,NA,NA,76.64
"CB3.3C",2023-07-28,22,76.28,7.2,0.4,25800,15.7,NA,NA,76.28
"CB3.3C",2023-07-28,23,76.1,7.2,0.4,26000,15.8,NA,NA,76.1
"CB3.3W",2023-07-27,0.5,81.5,7.7,5.8,19000,11.2,NA,"0.9",81.5
"CB3.3W",2023-07-27,1,81.5,7.7,5.7,19000,11.2,NA,NA,81.5
"CB3.3W",2023-07-27,2,81.5,7.7,5.7,19000,11.2,NA,NA,81.5
"CB3.3W",2023-07-27,3,81.5,7.7,5.7,19000,11.2,NA,NA,81.5
"CB3.3W",2023-07-27,4,81.5,7.7,5.7,19000,11.3,NA,NA,81.5
"CB3.3W",2023-07-27,5,81.5,7.7,5.7,19000,11.3,NA,NA,81.5
"CB3.3W",2023-07-27,6,81.5,7.7,5.6,19100,11.3,NA,NA,81.5
"CB3.3W",2023-07-27,7,81.5,7.7,5.5,19200,11.4,NA,NA,81.5
"CB3.2",2023-07-28,0.5,83.12,8,8.1,11700,6.6,NA,"0.8",83.12
"CB3.2",2023-07-28,1,83.12,7.9,7.3,11900,6.8,NA,NA,83.12
"CB3.2",2023-07-28,2,82.94,7.8,7.2,12000,6.8,NA,NA,82.94
"CB3.2",2023-07-28,3,82.4,7.8,6.8,12000,6.9,NA,NA,82.4
"CB3.2",2023-07-28,4,82.4,7.6,5.4,14000,8.1,NA,NA,82.4
"CB3.2",2023-07-28,5,82.58,7.7,5.5,15600,9.1,NA,NA,82.58
"CB3.2",2023-07-28,6,82.22,7.6,5.1,17000,9.9,NA,NA,82.22
"CB3.2",2023-07-28,7,82.22,7.6,4.9,17000,10,NA,NA,82.22
"CB3.2",2023-07-28,8,82.04,7.6,4.7,17100,10,NA,NA,82.04
"CB3.2",2023-07-28,9,80.24,7.3,2,19400,11.4,NA,NA,80.24
"CB3.2",2023-07-28,10,79.34,7.2,1.2,20400,12.2,NA,NA,79.34
"CB3.2",2023-07-28,11,78.62,7.2,0.5,21700,13,NA,NA,78.62
"CB3.1",2023-07-28,0.5,82.94,7.6,6.1,8820,4.9,NA,"0.7",82.94
"CB3.1",2023-07-28,1,83.3,7.6,6.1,8780,4.9,NA,NA,83.3
"CB3.1",2023-07-28,2,82.94,7.6,6,8830,4.9,NA,NA,82.94
"CB3.1",2023-07-28,3,82.4,7.5,4.9,10100,5.8,NA,NA,82.4
"CB3.1",2023-07-28,4,82.22,7.4,4.8,10500,5.9,NA,NA,82.22
"CB3.1",2023-07-28,5,81.86,7.4,4.2,11400,6.4,NA,NA,81.86
"CB3.1",2023-07-28,6,81.68,7.3,3.8,11700,6.7,NA,NA,81.68
"CB3.1",2023-07-28,7,81.32,7.3,2.8,13000,7.4,NA,NA,81.32
"CB3.1",2023-07-28,8,80.78,7.2,2.2,14500,8.4,NA,NA,80.78
"CB3.1",2023-07-28,9,80.6,7.2,1.6,15700,9.1,NA,NA,80.6
"CB3.1",2023-07-28,10,80.24,7.2,1.2,16400,9.6,NA,NA,80.24
"CB3.1",2023-07-28,11,80.06,7.2,0.9,17000,9.9,NA,NA,80.06
"CB3.1",2023-07-28,13,80.06,7.2,0.9,17400,10.2,NA,NA,80.06
"CB2.2",2023-07-28,0.5,84.74,8.2,8.4,2290,1.2,NA,"0.6",84.74
"CB2.2",2023-07-28,1,84.02,8,8.1,2550,1.3,NA,NA,84.02
"CB2.2",2023-07-28,2,83.3,7.7,6.8,3490,1.8,NA,NA,83.3
"CB2.2",2023-07-28,3,83.12,7.6,6.5,3700,1.9,NA,NA,83.12
"CB2.2",2023-07-28,4,83.12,7.6,6.3,4040,2.1,NA,NA,83.12
"CB2.2",2023-07-28,5,82.94,7.5,6,4780,2.6,NA,NA,82.94
"CB2.2",2023-07-28,6,82.94,7.5,5.7,5650,3.1,NA,NA,82.94
"CB2.2",2023-07-28,7,82.94,7.5,5.7,6020,3.2,NA,NA,82.94
"CB2.2",2023-07-28,8,82.94,7.5,5.6,6270,3.4,NA,NA,82.94
"CB2.2",2023-07-28,9,82.76,7.5,5.5,6690,3.6,NA,NA,82.76
"CB2.2",2023-07-28,10,82.76,7.4,5.4,7070,3.9,NA,NA,82.76
"CB2.1",2023-07-28,0.5,84.92,8.6,7.9,270,0.1,NA,"0.6",84.92
"CB2.1",2023-07-28,1,84.38,8.6,7.7,270,0.1,NA,NA,84.38
"CB2.1",2023-07-28,2,84.38,8.6,7.6,260,0.1,NA,NA,84.38
"CB2.1",2023-07-28,3,84.38,8.6,7.6,260,0.1,NA,NA,84.38
"CB2.1",2023-07-28,4,84.38,8.6,7.6,260,0.1,NA,NA,84.38
"CB2.1",2023-07-28,5,84.38,8.6,7.6,260,0.1,NA,NA,84.38
"CB1.1",2023-07-28,0.5,86.36,7.8,8,240,0.1,NA,"0.4",86.36
"CB1.1",2023-07-28,1,86,7.7,7.7,240,0.1,NA,NA,86
"CB1.1",2023-07-28,2,85.82,7.7,7.7,240,0.1,NA,NA,85.82
"CB1.1",2023-07-28,3,85.82,7.7,7.5,240,0.1,NA,NA,85.82
"CB1.1",2023-07-28,4,85.64,7.6,7.1,240,0.1,NA,NA,85.64
"WT1.1",2023-07-13,0.5,84.38,NA,7.7,4800,2.6,NA,"0.5",84.38
"WT1.1",2023-07-13,1,84.38,NA,7.7,4800,2.6,NA,NA,84.38
"WT1.1",2023-07-13,1.4,84.38,NA,7.6,4800,2.6,NA,NA,84.38
"WT2.1",2023-07-13,0.5,84.56,NA,7.4,6000,3.3,NA,"0.3",84.56
"WT2.1",2023-07-13,1,84.02,NA,5.4,7000,3.8,NA,NA,84.02
"WT3.1",2023-07-13,0.5,85.46,NA,7,11100,6.3,NA,"0.5",85.46
"WT3.1",2023-07-13,1,84.74,NA,6.6,11200,6.3,NA,NA,84.74
"WT3.1",2023-07-13,2,83.84,NA,5.6,11300,6.4,NA,NA,83.84
"WT3.1",2023-07-13,2.7,83.84,NA,5,11600,6.6,NA,NA,83.84
"WT4.1",2023-07-13,0.5,83.66,NA,6.7,8450,4.7,NA,"0.5",83.66
"WT4.1",2023-07-13,1,83.66,NA,5,8670,4.8,NA,NA,83.66
"WT4.1",2023-07-13,1.1,83.66,NA,5,8670,4.8,NA,NA,83.66
"WT5.1",2023-07-11,0.5,79.52,8,6,NA,NA,NA,"1",79.52
"WT5.1",2023-07-11,1,79.52,8,5.9,NA,NA,NA,NA,79.52
"WT5.1",2023-07-11,2,79.52,8,5.8,NA,NA,NA,NA,79.52
"WT5.1",2023-07-11,3,79.7,7.8,4.2,NA,NA,NA,NA,79.7
"WT5.1",2023-07-11,4,78.98,7.5,2.7,NA,NA,NA,NA,78.98
"WT5.1",2023-07-11,5,78.62,7.3,1.9,NA,NA,NA,NA,78.62
"WT5.1",2023-07-11,6,77.72,7.3,1.7,NA,NA,NA,NA,77.72
"WT5.1",2023-07-11,7,76.46,7.2,1.2,NA,NA,NA,NA,76.46
"WT5.1",2023-07-11,8,76.28,7.2,1.1,NA,NA,NA,NA,76.28
"WT5.1",2023-07-11,9,75.92,7.2,1,NA,NA,NA,NA,75.92
"WT5.1",2023-07-11,10,75.92,7.2,0.8,NA,NA,NA,NA,75.92
"WT5.1",2023-07-11,11,75.38,7.2,0.5,NA,NA,NA,NA,75.38
"WT5.1",2023-07-11,12,75.2,7.2,0.4,NA,NA,NA,NA,75.2
"WT5.1",2023-07-11,13,75.2,7.2,0.3,NA,NA,NA,NA,75.2
"WT5.1",2023-07-11,14,75.2,7.2,0.2,NA,NA,NA,NA,75.2
"WT5.1",2023-07-11,15,75.02,7.2,0.2,NA,NA,NA,NA,75.02
"WT6.1",2023-07-11,0.5,82.58,8.2,7.7,17900,10.5,NA,"1",82.58
"WT6.1",2023-07-11,1,82.58,8.2,7.7,17900,10.5,NA,NA,82.58
"WT6.1",2023-07-11,2,82.58,8.2,7.6,17900,10.5,NA,NA,82.58
"WT6.1",2023-07-11,3,82.4,8.2,7.4,18000,10.6,NA,NA,82.4
"WT6.1",2023-07-11,4,80.6,7.1,0.8,18400,10.8,NA,NA,80.6
"WT6.1",2023-07-11,5,78.98,7.2,0.4,18600,11,NA,NA,78.98
"WT6.1",2023-07-11,5.3,76.1,7.1,0.4,18800,11.1,NA,NA,76.1
"WT7.1",2023-07-11,0.5,82.04,8,7.8,19100,11.3,NA,"1.4",82.04
"WT7.1",2023-07-11,1,81.68,8,7.8,19100,11.3,NA,NA,81.68
"WT7.1",2023-07-11,2,81.5,8,7.5,19300,11.4,NA,NA,81.5
"WT7.1",2023-07-11,3,81.32,7.8,6.8,19500,11.6,NA,NA,81.32
"WT7.1",2023-07-11,5,80.42,7.4,4.1,20400,12.1,NA,NA,80.42
"WT7.1",2023-07-11,7,78.98,7.2,2.1,20400,12.2,NA,NA,78.98
"WT7.1",2023-07-11,9,75.38,7.2,0.4,20400,12.2,NA,NA,75.38
"WT7.1",2023-07-11,11,75.2,7.2,0.4,20400,12.2,NA,NA,75.2
"WT7.1",2023-07-11,11.7,75.2,7.2,0.4,20400,12.2,NA,NA,75.2
"WT8.1",2023-07-11,0.5,83.3,7.8,7.1,19000,11.2,NA,"0.8",83.3
"WT8.1",2023-07-11,1,82.94,7.8,6.9,19100,11.3,NA,NA,82.94
"WT8.1",2023-07-11,2,82.58,7.8,6.6,19600,11.6,NA,NA,82.58
"WT8.1",2023-07-11,3,82.22,7.2,2.7,20700,12.4,NA,NA,82.22
"WT8.1",2023-07-11,4,80.78,7.1,0.3,21100,12.6,NA,NA,80.78
"WT8.1",2023-07-11,5,80.24,7.1,0.3,21200,12.6,NA,NA,80.24
"WT8.1",2023-07-11,6,79.88,7.1,0.3,21200,12.7,NA,NA,79.88
"WT8.1",2023-07-11,7,79.7,7.1,0.3,21200,12.7,NA,NA,79.7
"WT8.1",2023-07-11,8.2,79.7,7.1,0.3,21200,12.7,NA,NA,79.7
"WT8.2",2023-07-11,0.5,84.02,8,8,20700,12.3,NA,"0.4",84.02
"WT8.2",2023-07-11,1,83.3,7.8,7,21000,12.5,NA,NA,83.3
"WT8.2",2023-07-11,2.2,82.94,7.6,5.7,21200,12.7,NA,NA,82.94
"WT8.3",2023-07-11,0.5,83.84,7.9,7.6,22000,13.2,NA,"0.4",83.84
"WT8.3",2023-07-11,1,83.12,7.7,7,22000,13.2,NA,NA,83.12
"WT8.3",2023-07-11,2,82.4,7.6,5.8,22000,13.2,NA,NA,82.4
"WT8.3",2023-07-11,3,82.4,7.6,5.7,22000,13.2,NA,NA,82.4
"ET1.1",2023-07-13,0.5,85.1,8.8,8,NA,NA,NA,"0.4",85.1
"ET1.1",2023-07-13,1,85.1,8.8,7.9,NA,NA,NA,NA,85.1
"ET1.1",2023-07-13,2.2,85.1,8.7,7.2,NA,NA,NA,NA,85.1
"ET2.1",2023-07-13,0.5,84.02,7.5,5.9,NA,NA,NA,"0.4",84.02
"ET2.1",2023-07-13,1,84.02,7.5,5.9,NA,NA,NA,NA,84.02
"ET2.1",2023-07-13,2,83.84,7.5,5.9,NA,NA,NA,NA,83.84
"ET2.1",2023-07-13,3,83.84,7.5,5.8,NA,NA,NA,NA,83.84
"ET2.1",2023-07-13,5,83.66,7.5,5.6,NA,NA,NA,NA,83.66
"ET2.1",2023-07-13,7,83.66,7.5,5.5,NA,NA,NA,NA,83.66
"ET2.1",2023-07-13,9,83.66,7.5,5.5,NA,NA,NA,NA,83.66
"ET2.1",2023-07-13,11,83.66,7.5,5.5,NA,NA,NA,NA,83.66
"ET2.1",2023-07-13,12,83.66,7.5,5.5,NA,NA,NA,NA,83.66
"ET2.1",2023-07-13,12.9,83.66,7.5,5.5,NA,NA,NA,NA,83.66
"ET2.2",2023-07-13,0.5,85.82,7.7,6.9,NA,NA,NA,"0.3",85.82
"ET2.2",2023-07-13,1,85.82,7.7,6.9,NA,NA,NA,NA,85.82
"ET2.2",2023-07-13,2,85.64,7.6,6.9,NA,NA,NA,NA,85.64
"ET2.3",2023-07-13,0.5,83.84,7.7,6.4,NA,NA,NA,"0.5",83.84
"ET2.3",2023-07-13,1,83.84,7.6,6.4,NA,NA,NA,NA,83.84
"ET2.3",2023-07-13,2,83.84,7.6,6.3,NA,NA,NA,NA,83.84
"ET2.3",2023-07-13,3,83.66,7.6,6.1,NA,NA,NA,NA,83.66
"ET2.3",2023-07-13,4,83.66,7.6,6.1,NA,NA,NA,NA,83.66
"ET2.3",2023-07-13,5,83.66,7.6,6.1,NA,NA,NA,NA,83.66
"ET2.3",2023-07-13,6,83.48,7.6,6.1,NA,NA,NA,NA,83.48
"ET2.3",2023-07-13,7,83.48,7.5,5.9,NA,NA,NA,NA,83.48
"ET2.3",2023-07-13,8,83.3,7.5,5.8,NA,NA,NA,NA,83.3
"ET2.3",2023-07-13,9,83.3,7.5,5.7,NA,NA,NA,NA,83.3
"ET2.3",2023-07-13,10,83.3,7.5,5.7,NA,NA,NA,NA,83.3
"ET2.3",2023-07-13,11,83.3,7.5,5.7,NA,NA,NA,NA,83.3
"ET2.3",2023-07-13,11.9,83.3,7.5,5.7,NA,NA,NA,NA,83.3
"ET3.1",2023-07-13,0.5,85.1,7.3,5.9,5470,2.9,NA,"0.3",85.1
"ET3.1",2023-07-13,1,85.1,7.3,5.8,5490,2.9,NA,NA,85.1
"ET3.1",2023-07-13,2,85.28,7.3,5.6,5510,3,NA,NA,85.28
"ET3.1",2023-07-13,3,85.28,7.2,5.5,5550,3,NA,NA,85.28
"ET3.1",2023-07-13,4,85.28,7.2,5.4,5640,3,NA,NA,85.28
"ET3.1",2023-07-13,5,85.46,7.2,5.3,5660,3,NA,NA,85.46
"ET3.1",2023-07-13,6,85.46,7.2,5.3,5660,3,NA,NA,85.46
"ET3.1",2023-07-13,6.7,85.46,7.2,5.3,5700,3.1,NA,NA,85.46
"ET4.1",2023-07-13,0.5,84.38,7.2,7.3,2960,1.6,NA,"0.3",84.38
"ET4.1",2023-07-13,1,84.38,7.2,7.4,3380,1.7,NA,NA,84.38
"ET4.1",2023-07-13,2,84.56,7.2,7.5,3500,1.8,NA,NA,84.56
"ET4.1",2023-07-13,3,84.74,7.3,7.6,3520,1.9,NA,NA,84.74
"ET4.1",2023-07-13,4,84.74,7.3,7.6,3500,1.8,NA,NA,84.74
"ET4.1",2023-07-13,5,84.74,7.3,7.7,3480,1.8,NA,NA,84.74
"ET4.1",2023-07-13,5.8,84.74,7.3,7.8,3470,1.8,NA,NA,84.74
"ET4.2",2023-07-12,0.5,82.58,8,7.1,21100,12.6,NA,"1",82.58
"ET4.2",2023-07-12,1,82.4,8,7.1,21100,12.6,NA,NA,82.4
"ET4.2",2023-07-12,2,82.04,8,6.8,21000,12.6,NA,NA,82.04
"ET4.2",2023-07-12,3,81.86,7.9,6.4,21000,12.6,NA,NA,81.86
"ET4.2",2023-07-12,4,81.86,7.9,6.3,21100,12.6,NA,NA,81.86
"ET4.2",2023-07-12,5,81.68,7.9,6,21000,12.6,NA,NA,81.68
"ET4.2",2023-07-12,6,81.5,7.8,5.4,21000,12.6,NA,NA,81.5
"ET4.2",2023-07-12,7,81.5,7.8,5.3,21100,12.6,NA,NA,81.5
"ET4.2",2023-07-12,8,81.5,7.8,5.3,21100,12.6,NA,NA,81.5
"ET4.2",2023-07-12,9,81.5,7.8,5.3,21100,12.6,NA,NA,81.5
"ET4.2",2023-07-12,10,81.5,7.8,5.3,21100,12.6,NA,NA,81.5
"ET5.1",2023-07-11,0.5,85.28,7.5,7.8,NA,NA,NA,"0.3",85.28
"ET5.1",2023-07-11,1,84.56,7.3,7.1,NA,NA,NA,NA,84.56
"ET5.1",2023-07-11,2,83.66,7.1,5.8,NA,NA,NA,NA,83.66
"ET5.1",2023-07-11,3,83.48,7.1,5,NA,NA,NA,NA,83.48
"ET5.1",2023-07-11,4,83.12,7.1,4.6,NA,NA,NA,NA,83.12
"ET5.1",2023-07-11,5,82.94,7.1,4.6,NA,NA,NA,NA,82.94
"ET5.1",2023-07-11,5.6,82.94,7.1,4.6,NA,NA,NA,NA,82.94
"ET5.2",2023-07-11,0.5,82.94,7.9,6.8,NA,NA,NA,"0.5",82.94
"ET5.2",2023-07-11,1,82.58,7.8,6.2,NA,NA,NA,NA,82.58
"ET5.2",2023-07-11,2,82.4,7.7,6.3,NA,NA,NA,NA,82.4
"ET5.2",2023-07-11,3,82.22,7.6,5,NA,NA,NA,NA,82.22
"ET5.2",2023-07-11,4,82.22,7.6,5,NA,NA,NA,NA,82.22
"ET5.2",2023-07-11,5,82.22,7.6,4.9,NA,NA,NA,NA,82.22
"ET5.2",2023-07-11,6,82.22,7.6,4.4,NA,NA,NA,NA,82.22
"ET5.2",2023-07-11,7,82.04,7.6,4.1,NA,NA,NA,NA,82.04
"ET5.2",2023-07-11,8,82.04,7.6,4,NA,NA,NA,NA,82.04
"ET5.2",2023-07-11,9,82.04,7.6,4.1,NA,NA,NA,NA,82.04
"ET5.2",2023-07-11,10,82.04,7.6,4.1,NA,NA,NA,NA,82.04
"ET5.2",2023-07-11,10.7,82.04,7.6,4.1,NA,NA,NA,NA,82.04
"ET6.1",2023-07-12,0.5,83.66,6.9,6.6,1410,0.7,NA,"0.4",83.66
"ET6.1",2023-07-12,1,83.48,6.9,6.5,1410,0.7,NA,NA,83.48
"ET6.1",2023-07-12,2,83.3,6.9,6.3,1460,0.7,NA,NA,83.3
"ET6.1",2023-07-12,3,83.3,6.9,6.2,1520,0.8,NA,NA,83.3
"ET6.1",2023-07-12,4,83.3,6.9,6.2,1520,0.8,NA,NA,83.3
"ET6.1",2023-07-12,4.7,83.3,6.9,6.1,1510,0.8,NA,NA,83.3
"ET6.2",2023-07-13,0.5,84.38,7.6,6.8,20800,12.4,NA,"0.5",84.38
"ET6.2",2023-07-13,1,84.2,7.6,6.8,20900,12.4,NA,NA,84.2
"ET6.2",2023-07-13,2,84.2,7.7,6.9,20900,12.5,NA,NA,84.2
"ET6.2",2023-07-13,2.7,84.2,7.7,7,21200,12.7,NA,NA,84.2
"ET7.1",2023-07-13,0.5,84.92,7.4,5.9,20900,12.5,NA,"0.7",84.92
"ET7.1",2023-07-13,1,84.74,7.4,6,20900,12.5,NA,NA,84.74
"ET7.1",2023-07-13,2,84.74,7.4,6,21200,12.7,NA,NA,84.74
"ET7.1",2023-07-13,3,84.56,7.4,5.9,21200,12.7,NA,NA,84.56
"ET7.1",2023-07-13,4,84.56,7.4,5.9,21300,12.7,NA,NA,84.56
"ET7.1",2023-07-13,5,84.56,7.4,5.8,21300,12.7,NA,NA,84.56
"ET7.1",2023-07-13,6,84.38,7.4,5.8,21300,12.7,NA,NA,84.38
"ET7.1",2023-07-13,7,84.38,7.4,5.7,21400,12.8,NA,NA,84.38
"ET7.1",2023-07-13,8,84.38,7.4,5.6,21500,12.8,NA,NA,84.38
"ET8.1",2023-07-12,0.5,84.2,7.8,6.8,NA,NA,NA,"0.6",84.2
"ET8.1",2023-07-12,1,84.02,7.8,6.5,NA,NA,NA,NA,84.02
"ET8.1",2023-07-12,2,83.66,7.7,6.4,NA,NA,NA,NA,83.66
"ET8.1",2023-07-12,3,83.48,7.7,6.1,NA,NA,NA,NA,83.48
"ET8.1",2023-07-12,4,83.3,7.7,5.8,NA,NA,NA,NA,83.3
"ET8.1",2023-07-12,4.3,83.12,7.7,5.7,NA,NA,NA,NA,83.12
"ET9.1",2023-07-12,0.5,85.46,8,7,NA,NA,NA,"0.6",85.46
"ET9.1",2023-07-12,1,85.1,7.9,6.9,NA,NA,NA,NA,85.1
"ET9.1",2023-07-12,2,84.92,7.9,6.9,NA,NA,NA,NA,84.92
"ET9.1",2023-07-12,3,84.92,7.9,6.9,NA,NA,NA,NA,84.92
"ET9.1",2023-07-12,4,84.38,7.9,6.6,NA,NA,NA,NA,84.38
"ET9.1",2023-07-12,4.7,84.02,7.9,6.4,NA,NA,NA,NA,84.02
"ET10.1",2023-07-12,0.5,82.58,6.6,3.4,296,0.1,NA,"0.3",82.58
"ET10.1",2023-07-12,1,82.58,6.6,3.4,294,0.1,NA,NA,82.58
"ET10.1",2023-07-12,2,82.58,6.6,3.3,294,0.1,NA,NA,82.58
"ET10.1",2023-07-12,3,82.58,6.6,3.3,291,0.1,NA,NA,82.58
"ET10.1",2023-07-12,4,82.58,6.6,3.3,284,0.1,NA,NA,82.58
"ET10.1",2023-07-12,5,82.58,6.6,3.3,282,0.1,NA,NA,82.58
"ET10.1",2023-07-12,6,82.58,6.6,3.3,279,0.1,NA,NA,82.58
"EE1.1",2023-07-12,0.5,82.4,8.2,8.2,24000,14.5,NA,"1.6",82.4
"EE1.1",2023-07-12,1,82.22,8.2,8.1,24000,14.5,NA,NA,82.22
"EE1.1",2023-07-12,2,82.04,8.2,8,24100,14.5,NA,NA,82.04
"EE1.1",2023-07-12,3,81.86,8.1,7.9,24100,14.6,NA,NA,81.86
"EE1.1",2023-07-12,4,81.86,8.1,7.7,24100,14.6,NA,NA,81.86
"EE1.1",2023-07-12,5,81.68,8,7.1,24100,14.6,NA,NA,81.68
"EE1.1",2023-07-12,6,81.14,7.9,6.3,24200,14.6,NA,NA,81.14
"EE1.1",2023-07-12,7,80.96,7.8,5.7,24200,14.7,NA,NA,80.96
"EE1.1",2023-07-12,8,80.6,7.6,4.7,24200,14.7,NA,NA,80.6
"EE1.1",2023-07-12,9,76.46,7.3,0.5,25200,15.3,NA,NA,76.46
"EE1.1",2023-07-12,10,75.74,7.3,0.3,25600,15.6,NA,NA,75.74
"EE1.1",2023-07-12,11,74.12,7.2,0,26400,16.1,NA,NA,74.12
"EE1.1",2023-07-12,11.5,73.94,7.3,0,26500,16.2,NA,NA,73.94
"EE2.1",2023-07-11,0.5,82.4,8,7.5,23600,14.2,NA,"1.5",82.4
"EE2.1",2023-07-11,1,82.4,8,7.5,23600,14.2,NA,NA,82.4
"EE2.1",2023-07-11,2,82.04,8,7.2,23600,14.3,NA,NA,82.04
"EE2.1",2023-07-11,3,81.86,7.9,6.6,23900,14.4,NA,NA,81.86
"EE2.1",2023-07-11,4,81.5,7.9,6.2,24000,14.5,NA,NA,81.5
"EE2.1",2023-07-11,5,81.32,7.8,5.7,24100,14.6,NA,NA,81.32
"EE2.1",2023-07-11,6,81.32,7.8,5.7,24100,14.6,NA,NA,81.32
"EE2.1",2023-07-11,7,81.32,7.8,5.7,24100,14.6,NA,NA,81.32
"EE2.1",2023-07-11,7.4,81.32,7.8,5.7,24100,14.6,NA,NA,81.32
"EE2.2",2023-07-11,0.5,82.58,8.1,7.5,25100,15.2,NA,"1",82.58
"EE2.2",2023-07-11,1,82.58,8.1,7.5,25100,15.2,NA,NA,82.58
"EE2.2",2023-07-11,2,82.04,8,7.3,25100,15.2,NA,NA,82.04
"EE2.2",2023-07-11,3,81.86,7.9,6.6,25100,15.2,NA,NA,81.86
"EE2.2",2023-07-11,4,81.86,7.9,6.1,25100,15.2,NA,NA,81.86
"EE2.2",2023-07-11,5,81.68,7.7,5.8,25100,15.2,NA,NA,81.68
"EE2.2",2023-07-11,6,81.68,7.7,5.8,25100,15.2,NA,NA,81.68
"EE2.2",2023-07-11,7,81.32,7.9,5.6,25200,15.3,NA,NA,81.32
"EE2.2",2023-07-11,8,81.32,7.9,5.6,25200,15.3,NA,NA,81.32
"EE2.2",2023-07-11,9,81.14,7.8,5.3,25200,15.3,NA,NA,81.14
"EE2.2",2023-07-11,9.7,81.14,7.8,5,25200,15.3,NA,NA,81.14
"EE3.0",2023-07-13,0.5,83.66,7.9,6.7,26800,16.4,NA,"0.8",83.66
"EE3.0",2023-07-13,1,83.66,7.9,6.6,26800,16.4,NA,NA,83.66
"EE3.0",2023-07-13,2,83.48,7.9,6.6,26800,16.4,NA,NA,83.48
"EE3.0",2023-07-13,3,83.66,7.9,6.6,26800,16.4,NA,NA,83.66
"EE3.0",2023-07-13,4,83.48,7.9,6.5,26800,16.4,NA,NA,83.48
"EE3.0",2023-07-13,4.3,83.48,7.8,6.4,26800,16.4,NA,NA,83.48
"EE3.1",2023-07-13,0.5,82.94,8,7,27600,16.9,NA,"1.1",82.94
"EE3.1",2023-07-13,1,82.94,8,6.9,27600,16.9,NA,NA,82.94
"EE3.1",2023-07-13,2,82.76,8,6.7,27600,16.9,NA,NA,82.76
"EE3.1",2023-07-13,3,82.76,8,6.5,27800,17.1,NA,NA,82.76
"EE3.1",2023-07-13,4,82.58,8,6.4,27800,17.1,NA,NA,82.58
"EE3.1",2023-07-13,5,82.4,8,6.3,27800,17.1,NA,NA,82.4
"EE3.1",2023-07-13,6,82.4,7.9,6.1,27800,17.1,NA,NA,82.4
"EE3.1",2023-07-13,7,82.22,7.9,6.1,27900,17.1,NA,NA,82.22
"EE3.1",2023-07-13,8,82.22,7.9,6,27900,17.1,NA,NA,82.22
"EE3.1",2023-07-13,9,82.22,7.9,6,28000,17.2,NA,NA,82.22
"EE3.1",2023-07-13,10,82.22,7.9,6,28100,17.2,NA,NA,82.22
"EE3.1",2023-07-12,10.8,82.22,7.9,5.9,28100,17.2,NA,NA,82.22
"EE3.2",2023-07-12,0.5,82.58,8.1,7.3,NA,NA,NA,"1.2",82.58
"EE3.2",2023-07-12,1,82.58,8.1,7.2,NA,NA,NA,NA,82.58
"EE3.2",2023-07-12,2,82.4,8,6.9,NA,NA,NA,NA,82.4
"EE3.2",2023-07-12,3,81.86,8,6.4,NA,NA,NA,NA,81.86
"EE3.2",2023-07-12,5,81.86,8,6.2,NA,NA,NA,NA,81.86
"EE3.2",2023-07-12,7,81.68,8,6.1,NA,NA,NA,NA,81.68
"EE3.2",2023-07-12,9,81.68,8,6.1,NA,NA,NA,NA,81.68
"EE3.2",2023-07-12,11,81.68,8,6.1,NA,NA,NA,NA,81.68
"EE3.2",2023-07-12,13,81.68,8,6.1,NA,NA,NA,NA,81.68
"EE3.2",2023-07-12,15,81.68,8,6.1,NA,NA,NA,NA,81.68
"EE3.2",2023-07-12,17,81.68,8,6.1,NA,NA,NA,NA,81.68
"EE3.2",2023-07-12,18,81.68,8,6.1,NA,NA,NA,NA,81.68
"EE3.2",2023-07-12,19,81.68,8,6.1,NA,NA,NA,NA,81.68
"EE3.2",2023-07-12,21,81.68,8,6.1,NA,NA,NA,NA,81.68
"EE3.2",2023-07-12,23,81.68,8,6.1,NA,NA,NA,NA,81.68
"EE3.2",2023-07-12,25,81.68,8,6.1,NA,NA,NA,NA,81.68
"EE3.2",2023-07-12,26.6,81.68,8,6.1,NA,NA,NA,NA,81.68
"EE3.3",2023-07-12,0.5,83.84,8.2,7.1,NA,NA,NA,"0.7",83.84
"EE3.3",2023-07-12,1,83.84,8.1,7,NA,NA,NA,NA,83.84
"EE3.3",2023-07-12,2,83.66,8.1,6.9,NA,NA,NA,NA,83.66
"EE3.3",2023-07-12,3.2,83.48,8.1,6.6,NA,NA,NA,NA,83.48
"LE2.2",2023-07-10,0.5,79.16,8.1,6.2,21900,13.1,NA,"1.1",79.16
"LE2.2",2023-07-10,1,79.34,8,6.2,21900,13.1,NA,NA,79.34
"LE2.2",2023-07-10,2,79.16,8,6.1,21900,13.1,NA,NA,79.16
"LE2.2",2023-07-10,3,79.34,7.9,5.9,22000,13.2,NA,NA,79.34
"LE2.2",2023-07-10,4,77.18,7.5,2.7,23800,14.4,NA,NA,77.18
"LE2.2",2023-07-10,5,75.74,7.3,0.9,25800,15.7,NA,NA,75.74
"LE2.2",2023-07-10,6,75.02,7.3,0.4,26400,16.1,NA,NA,75.02
"LE2.2",2023-07-10,7,73.94,7.2,0,26500,16.2,NA,NA,73.94
"LE2.2",2023-07-10,8,72.5,7.2,0,27600,17,NA,NA,72.5
"LE2.2",2023-07-10,9,72.5,7.2,0,27600,17,NA,NA,72.5
"LE2.2",2023-07-10,10,72.5,7.2,0,27700,17,NA,NA,72.5
"LE2.2",2023-07-12,11,72.5,7.3,0,27700,17,NA,NA,72.5
"CCM0069",2023-07-12,0,86.36,7.4,7.3,8520,4.7,NA,"0.3",86.36
"TRQ0088",2023-07-12,0,83.3,7,3.6,22600,13.6,NA,"0.6",83.3
"TRQ0146",2023-07-12,0,84.02,7.6,6.8,14200,8.2,NA,"0.3",84.02
"XDJ9007",2023-07-12,0,83.48,7,5.7,7210,3.9,NA,"0.3",83.48
"WIW0141",2023-07-12,0,84.74,7.1,6.3,4140,2.2,NA,"0.3",84.74
"RET2.4",2023-07-10,0.5,80.78,7.3,4.1,14900,8.6,NA,"0.7",80.78
"RET2.4",2023-07-10,1,80.6,7.3,3.8,15500,9,NA,NA,80.6
"RET2.4",2023-07-10,2,80.6,7.3,3.8,15500,9,NA,NA,80.6
"RET2.4",2023-07-10,3,80.6,7.3,3.7,15700,9.1,NA,NA,80.6
"RET2.4",2023-07-10,4,80.6,7.3,3.6,16000,9.3,NA,NA,80.6
"RET2.4",2023-07-10,5,80.6,7.3,3.5,16200,9.4,NA,NA,80.6
"RET2.4",2023-07-10,6,80.42,7.3,3.4,16500,9.6,NA,NA,80.42
"RET2.4",2023-07-10,7,80.06,7.3,3,16800,9.8,NA,NA,80.06
"RET2.4",2023-07-10,8,79.88,7.2,2.6,17900,10.5,NA,NA,79.88
"RET2.4",2023-07-10,9,79.88,7.3,2.6,17900,10.6,NA,NA,79.88
"RET2.4",2023-07-10,10,79.7,7.2,2.4,18000,10.7,NA,NA,79.7
"RET2.4",2023-07-10,11,79.52,7.2,2.2,18200,10.8,NA,NA,79.52
"RET2.4",2023-07-10,12,79.52,7.3,2.2,18200,10.8,NA,NA,79.52
"RET2.4",2023-07-10,13,79.52,7.3,2.2,18200,10.8,NA,NA,79.52
"RET2.4",2023-07-10,14,79.52,7.3,2.2,18200,10.8,NA,NA,79.52
"RET2.4",2023-07-10,15,79.52,7.3,2.2,18200,10.8,NA,NA,79.52
"RET2.2",2023-07-10,0.5,82.58,7.6,6.8,7000,3.8,NA,"0.5",82.58
"RET2.2",2023-07-10,2.3,82.58,7.6,6.5,7500,4.1,NA,NA,82.58
"RET2.2",2023-07-10,4.6,82.58,7.6,6.3,7900,4.4,NA,NA,82.58
"RET2.2",2023-07-10,6.9,82.58,7.6,6.2,8000,4.4,NA,NA,82.58
"RET2.2",2023-07-10,9,82.58,7.6,6.2,8000,4.4,NA,NA,82.58
"RET2.1",2023-07-10,0.5,82.4,7.7,7,3820,2,NA,"0.5",82.4
"RET2.1",2023-07-10,4.6,82.76,7.7,6.8,4300,2.3,NA,NA,82.76
"RET2.1",2023-07-10,5.7,82.76,7.7,6.7,5820,3.1,NA,NA,82.76
"TF2.4",2023-07-10,0.5,83.12,7.6,6.3,726,0.4,NA,"0.4",83.12
"TF2.4",2023-07-10,4.6,83.12,7.5,6.1,895,0.4,NA,NA,83.12
"TF2.4",2023-07-10,8.1,82.94,7.5,6,915,0.4,NA,NA,82.94
"MAT0016",2023-07-10,0.5,83.3,8.2,7.9,550,0.3,NA,"0.5",83.3
"MAT0016",2023-07-10,1,83.12,8.1,7.7,550,0.3,NA,NA,83.12
"MAT0016",2023-07-10,2,83.12,8.1,7.7,550,0.3,NA,NA,83.12
"MAT0016",2023-07-10,3,82.94,8.1,7.7,550,0.3,NA,NA,82.94
"MAT0016",2023-07-10,4,82.94,8.1,7.6,550,0.3,NA,NA,82.94
"MAT0016",2023-07-10,5,82.94,8.1,7.6,550,0.3,NA,NA,82.94
"MAT0016",2023-07-10,6,82.76,8.1,7.6,553,0.3,NA,NA,82.76
"MAT0016",2023-07-10,6.2,82.76,8.1,7.6,553,0.3,NA,NA,82.76
"TF2.3",2023-07-10,0.5,84.2,7.4,6.8,350,0.2,NA,"0.5",84.2
"TF2.3",2023-07-10,2.3,84.02,7.4,6.5,349,0.2,NA,NA,84.02
"TF2.3",2023-07-10,4.6,84.02,7.5,6.4,350,0.2,NA,NA,84.02
"TF2.3",2023-07-10,6.9,83.84,7.5,6.4,351,0.2,NA,NA,83.84
"TF2.3",2023-07-10,9.1,83.84,7.5,6.3,352,0.2,NA,NA,83.84
"TF2.3",2023-07-10,12.6,83.84,7.5,6.3,352,0.2,NA,NA,83.84
"TF2.2",2023-07-10,0.5,84.2,7.4,6,357,0.2,NA,"0.5",84.2
"TF2.2",2023-07-10,4.6,83.84,7.4,5.7,357,0.2,NA,NA,83.84
"TF2.2",2023-07-10,6.9,83.84,7.3,5.7,357,0.2,NA,NA,83.84
"TF2.1",2023-07-10,0.5,83.66,7.2,6.2,358,0.2,NA,"0.7",83.66
"TF2.1",2023-07-10,4.6,83.66,7.2,5.6,358,0.2,NA,NA,83.66
"TF2.1",2023-07-10,9.1,83.48,7.2,5.6,358,0.2,NA,NA,83.48
"TF2.1",2023-07-10,13.7,82.94,7.2,5.5,358,0.2,NA,NA,82.94
"TF2.1",2023-07-10,16.6,83.48,7.3,5.5,358,0.2,NA,NA,83.48
"XFB1986",2023-07-10,0.5,84.38,7.4,7,355,0.2,NA,"0.6",84.38
"XFB1986",2023-07-10,1,83.12,7.4,6.6,357,0.2,NA,NA,83.12
"PIS0033",2023-07-10,0,74.66,7.2,6.5,197,0.1,NA,NA,74.66
"MAT0078",2023-07-10,0,74.66,7.1,6.7,136,0.1,NA,NA,74.66
"ANA0082",2023-07-05,0,84.74,8.2,10.1,263,0.1,NA,NA,84.74
"RCM0111",2023-07-05,0,77.9,7.6,7.1,417,0.2,NA,NA,77.9
"POT1184",2023-07-05,0,83.48,7.6,7.7,332,0.2,NA,NA,83.48
"CJB0005",2023-07-05,0,75.2,7.4,8.4,365,0.2,NA,NA,75.2
"SEN0008",2023-07-05,0,78.26,7.7,8,475,0.2,NA,NA,78.26
"POT1471",2023-07-05,0,80.42,7.6,5.6,362,0.2,NA,NA,80.42
"POT1595",2023-07-05,0,80.06,7.8,6.4,314,0.2,NA,NA,80.06
"POT1596",2023-07-05,0,80.24,7.9,6.6,250,0.1,NA,NA,80.24
"XCI4078",2023-07-13,0.5,83.84,8,7.3,25900,15.8,NA,"0.7",83.84
"XCI4078",2023-07-13,1,83.84,8,7.3,25900,15.8,NA,NA,83.84
"XCI4078",2023-07-13,2,83.66,8,7.3,26000,15.8,NA,NA,83.66
"XCI4078",2023-07-13,2.3,83.66,8,7.3,26000,15.9,NA,NA,83.66
"BXK0031",2023-07-12,0,84.56,6.8,4.6,23080,13.9,NA,"0.3",84.56
"POK0087",2023-07-12,0,84.56,6.7,3.7,9840,5.5,NA,"0.4",84.56
"MNK0146",2023-07-12,0,85.1,7.1,5.3,14570,8.4,NA,"0.3",85.1
"XAK7810",2023-07-12,0.5,84.02,7.5,6.6,NA,NA,NA,"0.5",84.02
"XAK7810",2023-07-12,1,83.66,7.5,6.3,NA,NA,NA,NA,83.66
"XAK7810",2023-07-12,1.9,83.48,7.5,6,NA,NA,NA,NA,83.48
"XGG8251",2023-07-13,0,80.6,7.5,5.4,21000,12.6,NA,"0.7",80.6
"CB5.1W",2023-07-18,0.5,82.04,8.3,8.8,26000,15.8,NA,"1.5",82.04
"CB5.1W",2023-07-18,1,81.68,8.3,8.6,26000,15.8,NA,NA,81.68
"CB5.1W",2023-07-18,2,81.68,8.2,8.4,26000,15.8,NA,NA,81.68
"CB5.1W",2023-07-18,3,81.5,8.2,7.9,26100,15.9,NA,NA,81.5
"CB5.1W",2023-07-18,6,81.32,8.1,6.3,26200,16,NA,NA,81.32
"CB5.1W",2023-07-18,8,78.44,7.4,2,27100,16.6,NA,NA,78.44
"LE1.4",2023-07-18,0.5,82.22,8.1,7.5,24800,15,NA,NA,82.22
"LE1.4",2023-07-18,1,82.04,8.1,7.4,24800,15,NA,NA,82.04
"LE1.4",2023-07-18,2,81.68,8,6.6,25000,15.1,NA,NA,81.68
"LE1.4",2023-07-18,3,81.68,8,6.4,25100,15.2,NA,NA,81.68
"LE1.4",2023-07-18,6,81.5,7.9,5.8,25200,15.3,NA,NA,81.5
"LE1.4",2023-07-18,9,80.6,7.7,4,26100,15.9,NA,NA,80.6
"LE1.4",2023-07-18,12,80.42,7.7,3.8,26200,16,NA,NA,80.42
"LE1.4",2023-07-18,13,80.06,7.6,3.4,26300,16,NA,NA,80.06
"LE1.3",2023-07-18,0.5,83.48,8.1,7.4,23300,14,NA,"1",83.48
"LE1.3",2023-07-18,1,83.12,8,7,23300,14,NA,NA,83.12
"LE1.3",2023-07-18,2,81.86,7.7,5,24000,14.5,NA,NA,81.86
"LE1.3",2023-07-18,3,81.86,7.7,4.9,24200,14.6,NA,NA,81.86
"LE1.3",2023-07-18,6,81.14,7.7,4.4,24900,15.1,NA,NA,81.14
"LE1.3",2023-07-18,9,80.6,7.6,3.6,25500,15.5,NA,NA,80.6
"LE1.3",2023-07-18,12,80.42,7.6,3.3,25500,15.5,NA,NA,80.42
"LE1.3",2023-07-18,15,80.42,7.6,3.3,25600,15.6,NA,NA,80.42
"LE1.3",2023-07-18,18,80.42,7.6,3,25700,15.6,NA,NA,80.42
"LE1.3",2023-07-18,21,79.88,7.5,2.6,26000,15.8,NA,NA,79.88
"LE1.3",2023-07-18,22,79.52,7.5,2,26200,16,NA,NA,79.52
"LE1.2",2023-07-18,0.5,83.84,8,7.4,22500,13.5,NA,"0.8",83.84
"LE1.2",2023-07-18,1,83.66,8,7.3,22500,13.5,NA,NA,83.66
"LE1.2",2023-07-18,2,83.48,8,7.2,22600,13.5,NA,NA,83.48
"LE1.2",2023-07-18,3,82.94,7.5,5.2,23100,13.9,NA,NA,82.94
"LE1.2",2023-07-18,6,80.78,7.5,2.4,25100,15.2,NA,NA,80.78
"LE1.2",2023-07-18,9,79.7,7.4,1.8,25900,15.8,NA,NA,79.7
"LE1.2",2023-07-18,12,79.16,7.4,1.6,26400,16.1,NA,NA,79.16
"LE1.2",2023-07-18,15,78.98,7.4,1.4,26500,16.2,NA,NA,78.98
"LE1.1",2023-07-18,0.5,83.48,NA,6.9,21200,12.7,NA,"0.8",83.48
"LE1.1",2023-07-18,1,83.48,NA,7,21300,12.7,NA,NA,83.48
"LE1.1",2023-07-18,2,83.48,NA,7.1,21400,12.8,NA,NA,83.48
"LE1.1",2023-07-18,3,82.58,NA,3.8,22800,13.7,NA,NA,82.58
"LE1.1",2023-07-18,6,80.78,NA,1.2,24100,14.6,NA,NA,80.78
"LE1.1",2023-07-18,9,80.06,NA,0.7,24800,15.1,NA,NA,80.06
"LE1.1",2023-07-18,11,80.06,NA,0.7,24900,15.1,NA,NA,80.06
"RET1.1",2023-07-18,0.5,83.48,NA,5.2,18900,11.2,NA,"0.4",83.48
"RET1.1",2023-07-18,1,83.12,NA,4.8,19000,11.2,NA,NA,83.12
"RET1.1",2023-07-18,2,82.94,NA,4.4,19200,11.4,NA,NA,82.94
"RET1.1",2023-07-18,3,82.94,NA,4.3,19400,11.5,NA,NA,82.94
"RET1.1",2023-07-18,6,82.22,NA,2.4,21900,13.1,NA,NA,82.22
"RET1.1",2023-07-18,9,81.5,NA,1.3,22900,13.8,NA,NA,81.5
"RET1.1",2023-07-18,11,81.5,NA,1.2,22900,13.8,NA,NA,81.5
"TF1.7",2023-07-18,0.5,85.1,NA,5.6,11100,6.3,NA,"0.3",85.1
"TF1.7",2023-07-18,1,84.56,NA,4.9,11700,6.6,NA,NA,84.56
"TF1.7",2023-07-18,2,84.38,NA,4.5,12800,7.3,NA,NA,84.38
"TF1.6",2023-07-18,0.5,84.92,NA,5.7,3150,1.6,NA,"0.2",84.92
"TF1.6",2023-07-18,1,84.74,NA,5.6,3160,1.6,NA,NA,84.74
"TF1.6",2023-07-18,2,84.74,NA,5.7,3180,1.6,NA,NA,84.74
"TF1.6",2023-07-18,3,84.74,NA,5.6,3120,1.6,NA,NA,84.74
"TF1.6",2023-07-18,8,84.74,NA,5.5,3200,1.7,NA,NA,84.74
"TF1.5",2023-07-18,0.5,85.28,NA,6.3,1400,0.7,NA,"0.2",85.28
"TF1.5",2023-07-18,1,84.92,NA,6,1380,0.7,NA,NA,84.92
"TF1.5",2023-07-18,2,84.56,NA,5.6,1360,0.7,NA,NA,84.56
"TF1.5",2023-07-18,3,84.56,NA,5.6,1360,0.7,NA,NA,84.56
"TF1.5",2023-07-18,6,84.56,NA,5.6,1350,0.7,NA,NA,84.56
"TF1.5",2023-07-18,9,84.56,NA,5.6,1370,0.7,NA,NA,84.56
"TF1.4",2023-07-18,0,83.12,7.4,6,539,0.3,NA,"0.3",83.12
"TF1.3",2023-07-18,0,80.96,7.4,5,381,0.2,NA,"0.4",80.96
"TF1.2",2023-07-18,0,77.9,7.9,6.8,358,0.2,NA,NA,77.9
"TF1.0",2023-07-18,0,77.72,8,6.9,396,0.2,NA,NA,77.72
"WXT0001",2023-07-18,0,81.32,7.6,4.6,446,0.2,NA,"0.5",81.32
"CB7.1",2023-07-25,1,82.76,8.17,7.3,32806,20.43,"BAY845","",82.76
"CB7.1",2023-07-25,2,82.7168,8.22,7.25,33152,20.67,"BAY845","",82.7168
"CB7.1",2023-07-25,3,82.5332,8.22,7.17,33177,20.69,"BAY845","",82.5332
"CB7.1",2023-07-25,4,82.4882,8.2,6.87,33223,20.72,"BAY845","",82.4882
"CB7.1",2023-07-25,5,82.7294,8.08,5.71,33581,20.96,"BAY845","",82.7294
"CB7.1",2023-07-25,6,82.733,8.01,5.02,33931,21.21,"BAY845","",82.733
"CB7.1",2023-07-25,7,82.5764,7.89,3.97,34403,21.53,"BAY845","",82.5764
"CB7.1",2023-07-25,8,82.5278,7.87,3.8,34607,21.67,"BAY845","",82.5278
"CB7.1",2023-07-25,9,82.5224,7.88,3.76,34713,21.75,"BAY845","",82.5224
"CB7.1",2023-07-25,10,82.2776,7.79,3.08,35303,22.16,"BAY845","",82.2776
"CB7.1",2023-07-25,11,82.2272,7.78,3,35534,22.32,"BAY845","",82.2272
"CB7.1",2023-07-25,12,82.184,7.78,2.95,35748,22.47,"BAY845","",82.184
"CB7.1",2023-07-25,13,81.968,7.74,2.74,36423,22.94,"BAY845","",81.968
"CB7.1",2023-07-25,14,81.9392,7.73,2.72,36521,23.01,"BAY845","",81.9392
"CB7.1",2023-07-25,15,81.8996,7.71,2.53,36565,23.04,"BAY845","",81.8996
"CB7.1",2023-07-25,16,81.8618,7.7,2.53,36626,23.09,"BAY845","",81.8618
"CB7.1N",2023-07-25,1,83.5628,8.17,7.59,30196,18.64,"BAY845","",83.5628
"CB7.1N",2023-07-25,2,83.3396,8.22,7.98,30386,18.77,"BAY845","",83.3396
"CB7.1N",2023-07-25,3,83.2658,8.21,7.89,30406,18.78,"BAY845","",83.2658
"CB7.1N",2023-07-25,4,83.1056,8.19,7.73,30443,18.81,"BAY845","",83.1056
"CB7.1N",2023-07-25,5,83.0552,8.18,7.64,30452,18.82,"BAY845","",83.0552
"CB7.1N",2023-07-25,6,82.9886,8.17,7.4,30460,18.82,"BAY845","",82.9886
"CB7.1N",2023-07-25,7,82.9148,8.15,7.2,30471,18.83,"BAY845","",82.9148
"CB7.1N",2023-07-25,8,82.625,8.09,6.55,30504,18.86,"BAY845","",82.625
"CB7.1N",2023-07-25,9,82.5674,8.06,6.19,30572,18.9,"BAY845","",82.5674
"CB7.1N",2023-07-25,10,82.5872,8.03,5.78,30738,19.02,"BAY845","",82.5872
"CB7.1N",2023-07-25,11,82.7906,7.88,4.41,31375,19.45,"BAY845","",82.7906
"CB7.1N",2023-07-25,12,82.7528,7.86,4.21,31538,19.56,"BAY845","",82.7528
"CB7.1N",2023-07-25,13,82.715,7.85,4.12,31688,19.66,"BAY845","",82.715
"CB7.1N",2023-07-25,14,82.697,7.84,3.99,31788,19.73,"BAY845","",82.697
"CB7.1N",2023-07-25,15,82.6826,7.82,3.83,31863,19.78,"BAY845","",82.6826
"CB7.1N",2023-07-25,16,82.6592,7.81,3.73,31975,19.86,"BAY845","",82.6592
"CB7.1N",2023-07-25,17,82.6232,7.8,3.65,32093,19.94,"BAY845","",82.6232
"CB7.1N",2023-07-25,18,82.6142,7.8,3.62,32131,19.97,"BAY845","",82.6142
"CB7.1N",2023-07-25,19,82.6088,7.79,3.62,32164,19.99,"BAY845","",82.6088
"CB7.1N",2023-07-25,20,82.6052,7.79,3.61,32193,20.01,"BAY845","",82.6052
"CB7.1N",2023-07-25,21,82.589,7.78,3.61,32271,20.06,"BAY845","",82.589
"CB7.1S",2023-07-25,1,83.426,8.27,7.98,30341,18.74,"BAY845","",83.426
"CB7.1S",2023-07-25,2,83.1056,8.3,7.93,31170,19.3,"BAY845","",83.1056
"CB7.1S",2023-07-25,3,83.0264,8.29,7.82,31820,19.75,"BAY845","",83.0264
"CB7.1S",2023-07-25,4,82.9562,8.27,7.56,32400,20.15,"BAY845","",82.9562
"CB7.1S",2023-07-25,5,82.85,8.24,7.13,32684,20.34,"BAY845","",82.85
"CB7.1S",2023-07-25,6,82.7294,8.13,6.21,33712,21.05,"BAY845","",82.7294
"CB7.1S",2023-07-25,7,82.2092,7.89,3.85,36163,22.76,"BAY845","",82.2092
"CB7.1S",2023-07-25,8,82.1552,7.85,3.55,36244,22.82,"BAY845","",82.1552
"CB7.1S",2023-07-25,9,82.0022,7.83,3.34,36617,23.08,"BAY845","",82.0022
"CB7.1S",2023-07-25,10,81.5558,7.8,3.19,37750,23.88,"BAY845","",81.5558
"CB7.1S",2023-07-25,11,81.1382,7.75,2.88,38426,24.36,"BAY845","",81.1382
"CB7.1S",2023-07-25,12,81.0752,7.75,2.87,38525,24.43,"BAY845","",81.0752
"CB7.1S",2023-07-25,13,81.0608,7.74,2.88,38538,24.44,"BAY845","",81.0608
"CB7.1S",2023-07-25,14,80.9276,7.73,2.85,38744,24.58,"BAY845","",80.9276
"CB7.1S",2023-07-25,15,80.879,7.72,2.91,38820,24.64,"BAY845","",80.879
"CB7.2",2023-07-25,1,83.9228,8.28,8.06,31426,19.47,"BAY845","",83.9228
"CB7.2",2023-07-25,2,83.8922,8.32,8.07,31018,19.19,"BAY845","",83.8922
"CB7.2",2023-07-25,3,83.723,8.32,8.08,31458,19.49,"BAY845","",83.723
"CB7.2",2023-07-25,4,82.976,8.27,7.68,34797,21.8,"BAY845","",82.976
"CB7.2",2023-07-25,5,82.2164,8.16,6.64,36461,22.97,"BAY845","",82.2164
"CB7.2",2023-07-25,6,82.0526,8.14,6.33,36977,23.33,"BAY845","",82.0526
"CB7.2",2023-07-25,7,81.6656,8.05,5.51,38099,24.12,"BAY845","",81.6656
"CB7.2",2023-07-25,8,80.159,7.93,4.52,39758,25.31,"BAY845","",80.159
"CB7.2",2023-07-25,9,79.7738,7.91,4.33,40099,25.56,"BAY845","",79.7738
"CB7.2",2023-07-25,10,79.4192,7.86,3.97,40629,25.94,"BAY845","",79.4192
"CB7.2",2023-07-25,11,79.3238,7.86,3.96,40719,26,"BAY845","",79.3238
"CB7.2",2023-07-25,12,79.2986,7.86,3.98,40729,26.01,"BAY845","",79.2986
"CB7.2",2023-07-25,13,79.2896,7.86,3.99,40727,26.01,"BAY845","",79.2896
"CB7.2",2023-07-25,14,79.2842,7.86,3.98,40727,26.01,"BAY845","",79.2842
"CB7.2",2023-07-25,15,79.2536,7.86,3.96,40741,26.02,"BAY845","",79.2536
"CB7.2",2023-07-25,16,79.0826,7.85,3.91,40884,26.12,"BAY845","",79.0826
"CB7.2",2023-07-25,17,78.9512,7.84,3.86,41009,26.21,"BAY845","",78.9512
"CB7.2",2023-07-25,18,78.6722,7.83,3.82,41240,26.38,"BAY845","",78.6722
"CB7.2",2023-07-25,19,78.5624,7.82,3.81,41323,26.44,"BAY845","",78.5624
"CB7.2",2023-07-25,20,78.5408,7.82,3.88,41342,26.45,"BAY845","",78.5408
"CB7.2E",2023-07-25,1,81.3596,8.23,7.38,34114,21.35,"BAY845","",81.3596
"CB7.2E",2023-07-25,2,81.3938,8.24,7.21,34543,21.65,"BAY845","",81.3938
"CB7.2E",2023-07-25,3,81.7682,8.13,6.52,36616,23.08,"BAY845","",81.7682
"CB7.2E",2023-07-25,4,81.419,8.02,5.72,38178,24.18,"BAY845","",81.419
"CB7.2E",2023-07-25,5,81.2768,8,5.62,38651,24.52,"BAY845","",81.2768
"CB7.2E",2023-07-25,6,81.2678,8.01,5.64,38838,24.65,"BAY845","",81.2678
"CB7.2E",2023-07-25,7,81.0662,7.98,5.42,39180,24.89,"BAY845","",81.0662
"CB7.2E",2023-07-25,8,80.9978,7.98,5.33,39252,24.94,"BAY845","",80.9978
"CB7.2E",2023-07-25,9,80.8484,7.95,5.13,39414,25.06,"BAY845","",80.8484
"CB7.2E",2023-07-25,10,80.7242,7.94,4.98,39569,25.17,"BAY845","",80.7242
"CB7.2E",2023-07-25,11,80.2778,7.89,4.69,40069,25.53,"BAY845","",80.2778
"CB7.3",2023-07-25,1,83.3504,8.18,7.37,38098,24.1,"BAY845","",83.3504
"CB7.3",2023-07-25,2,81.8996,8.17,7.43,39690,25.24,"BAY845","",81.8996
"CB7.3",2023-07-25,3,80.2508,8.15,7.38,40814,26.06,"BAY845","",80.2508
"CB7.3",2023-07-25,4,80.0546,8.14,7.25,40933,26.15,"BAY845","",80.0546
"CB7.3",2023-07-25,5,79.9214,8.13,7.12,41135,26.29,"BAY845","",79.9214
"CB7.3",2023-07-25,6,78.782,8.08,6.63,42871,27.54,"BAY845","",78.782
"CB7.3",2023-07-25,7,76.388,8.01,6,45042,29.13,"BAY845","",76.388
"CB7.3",2023-07-25,8,76.3196,8.01,6.08,45186,29.24,"BAY845","",76.3196
"CB7.3",2023-07-25,9,75.9488,8.01,6.05,45588,29.53,"BAY845","",75.9488
"CB7.3",2023-07-25,10,75.6464,8,6,45837,29.71,"BAY845","",75.6464
"CB7.3",2023-07-25,11,75.6086,7.99,6,45869,29.74,"BAY845","",75.6086
"CB7.3",2023-07-25,12,75.5888,7.99,6.03,45884,29.75,"BAY845","",75.5888
"CB7.3E",2023-07-25,1,81.2876,8.19,7.36,32906,20.52,"BAY845","",81.2876
"CB7.3E",2023-07-25,2,81.1724,8.2,7.21,35096,22.03,"BAY845","",81.1724
"CB7.3E",2023-07-25,3,80.8214,8.08,6.71,38617,24.5,"BAY845","",80.8214
"CB7.3E",2023-07-25,4,80.7278,8.08,6.63,38894,24.69,"BAY845","",80.7278
"CB7.3E",2023-07-25,5,80.5856,8.07,6.55,39113,24.85,"BAY845","",80.5856
"CB7.3E",2023-07-25,6,80.3264,8.05,6.39,39636,25.22,"BAY845","",80.3264
"CB7.3E",2023-07-25,7,80.3642,8.04,6.3,39816,25.35,"BAY845","",80.3642
"CB7.3E",2023-07-25,8,80.285,8.03,6.19,39915,25.42,"BAY845","",80.285
"CB7.3E",2023-07-25,9,80.1194,8.03,6.11,40061,25.53,"BAY845","",80.1194
"CB7.3E",2023-07-25,10,79.3958,7.98,5.6,40495,25.84,"BAY845","",79.3958
"CB7.3E",2023-07-25,11,78.5912,7.92,5.03,41313,26.43,"BAY845","",78.5912
"CB7.3E",2023-07-25,12,78.611,7.92,5.03,41353,26.46,"BAY845","",78.611
"CB7.3E",2023-07-25,13,78.6182,7.92,5.02,41389,26.49,"BAY845","",78.6182
"CB7.3E",2023-07-25,14,78.2816,7.91,4.94,41507,26.57,"BAY845","",78.2816
"CB7.3E",2023-07-25,15,78.1214,7.9,4.88,41829,26.81,"BAY845","",78.1214
"CB7.3E",2023-07-25,16,78.5264,7.9,4.85,42046,26.96,"BAY845","",78.5264
"CB7.3E",2023-07-25,17,78.593,7.9,4.84,42089,26.98,"BAY845","",78.593
"CB7.3E",2023-07-25,18,78.593,7.89,4.85,42097,26.99,"BAY845","",78.593
"EE3.4",2023-07-25,1,84.9758,8.08,7.42,28489,17.46,"BAY845","",84.9758
"EE3.4",2023-07-25,2,83.1542,8.1,6.88,28754,17.66,"BAY845","",83.1542
"EE3.4",2023-07-25,3,83.012,8.06,6.53,28904,17.77,"BAY845","",83.012
"EE3.4",2023-07-25,4,82.7474,7.92,5.53,29550,18.21,"BAY845","",82.7474
"EE3.5",2023-07-25,1,83.4656,8.08,7.29,31350,19.42,"BAY845","",83.4656
"EE3.5",2023-07-25,2,82.6808,8.04,6.36,31355,19.44,"BAY845","",82.6808
"EE3.5",2023-07-25,3,82.607,8.02,6.04,31378,19.45,"BAY845","",82.607
"EE3.5",2023-07-25,4,82.5818,8,5.89,31401,19.47,"BAY845","",82.5818
"EE3.5",2023-07-25,5,82.58,8,5.79,31430,19.49,"BAY845","",82.58
"EE3.5",2023-07-25,6,82.5818,7.99,5.7,31457,19.51,"BAY845","",82.5818
"EE3.5",2023-07-25,7,82.5854,7.99,5.66,31472,19.52,"BAY845","",82.5854
"EE3.5",2023-07-25,8,82.5962,7.99,5.62,31480,19.52,"BAY845","",82.5962
"EE3.5",2023-07-25,9,82.598,7.99,5.55,31481,19.52,"BAY845","",82.598
"EE3.5",2023-07-25,10,82.7042,7.92,4.73,31817,19.75,"BAY845","",82.7042
"EE3.5",2023-07-25,11,82.7924,7.84,3.95,32248,20.05,"BAY845","",82.7924
"EE3.5",2023-07-25,12,82.7672,7.83,3.74,32449,20.18,"BAY845","",82.7672
"EE3.5",2023-07-25,13,82.7276,7.8,3.51,32724,20.37,"BAY845","",82.7276
"EE3.5",2023-07-25,14,82.7096,7.79,3.39,32842,20.45,"BAY845","",82.7096
"EE3.5",2023-07-25,15,82.7006,7.79,3.33,32927,20.51,"BAY845","",82.7006
"EE3.5",2023-07-25,16,82.7006,7.79,3.32,32933,20.52,"BAY845","",82.7006
"EE3.5",2023-07-25,17,82.697,7.78,3.25,32971,20.54,"BAY845","",82.697
"EE3.5",2023-07-25,18,82.6844,7.77,3.1,33127,20.65,"BAY845","",82.6844
"EE3.5",2023-07-25,19,82.6538,7.75,2.93,33310,20.77,"BAY845","",82.6538
"EE3.5",2023-07-25,20,82.652,7.75,2.9,33323,20.78,"BAY845","",82.652
"EE3.5",2023-07-25,21,82.643,7.74,2.9,33361,20.81,"BAY845","",82.643
"EE3.5",2023-07-25,22,82.6322,7.74,2.87,33408,20.84,"BAY845","",82.6322
"EE3.5",2023-07-25,23,82.6088,7.74,2.87,33501,20.91,"BAY845","",82.6088
"EE3.5",2023-07-25,24,82.5908,7.74,2.85,33582,20.96,"BAY845","",82.5908
"EE3.5",2023-07-25,25,82.553,7.73,2.83,33728,21.06,"BAY845","",82.553
"CB5.4",2023-07-26,1,83.183,8.24,7.4,27658,16.92,"BAY845","",83.183
"CB5.4",2023-07-26,2,82.472,8.26,7.14,27957,17.13,"BAY845","",82.472
"CB5.4",2023-07-26,3,82.3622,8.28,7.21,28167,17.28,"BAY845","",82.3622
"CB5.4",2023-07-26,4,82.3478,8.27,7.02,28369,17.41,"BAY845","",82.3478
"CB5.4",2023-07-26,5,82.3046,8.26,6.67,28388,17.43,"BAY845","",82.3046
"CB5.4",2023-07-26,6,82.2776,8.24,6.51,28405,17.44,"BAY845","",82.2776
"CB5.4",2023-07-26,7,82.1156,8.03,4.79,28843,17.73,"BAY845","",82.1156
"CB5.4",2023-07-26,8,82.0652,7.72,2.52,31696,19.68,"BAY845","",82.0652
"CB5.4",2023-07-26,9,82.1912,7.71,2.44,32341,20.12,"BAY845","",82.1912
"CB5.4",2023-07-26,10,82.1876,7.71,2.34,32560,20.27,"BAY845","",82.1876
"CB5.4",2023-07-26,11,81.8852,7.63,1.8,32833,20.46,"BAY845","",81.8852
"CB5.4",2023-07-26,12,81.7412,7.62,1.69,33795,21.12,"BAY845","",81.7412
"CB5.4",2023-07-26,13,81.7628,7.63,1.73,33855,21.16,"BAY845","",81.7628
"CB5.4",2023-07-26,14,81.7592,7.63,1.74,33879,21.18,"BAY845","",81.7592
"CB5.4",2023-07-26,15,81.7484,7.64,1.75,33942,21.22,"BAY845","",81.7484
"CB5.4",2023-07-26,16,81.7484,7.63,1.75,34011,21.27,"BAY845","",81.7484
"CB5.4",2023-07-26,17,81.734,7.64,1.77,34059,21.3,"BAY845","",81.734
"CB5.4",2023-07-26,18,81.797,7.65,1.86,34112,21.34,"BAY845","",81.797
"CB5.4",2023-07-26,19,81.8762,7.66,1.95,34251,21.43,"BAY845","",81.8762
"CB5.4",2023-07-26,20,81.905,7.66,1.96,34599,21.67,"BAY845","",81.905
"CB5.4",2023-07-26,21,81.9014,7.66,2.01,35374,22.21,"BAY845","",81.9014
"CB5.4",2023-07-26,22,81.8996,7.66,2.03,35468,22.28,"BAY845","",81.8996
"CB5.4",2023-07-26,23,81.8798,7.65,2,35566,22.35,"BAY845","",81.8798
"CB5.4",2023-07-26,24,81.8096,7.64,1.91,35785,22.5,"BAY845","",81.8096
"CB5.4",2023-07-26,25,81.7898,7.63,1.9,35836,22.53,"BAY845","",81.7898
"CB5.4",2023-07-26,26,81.7682,7.63,1.89,35883,22.57,"BAY845","",81.7682
"CB5.4",2023-07-26,27,81.7556,7.63,1.86,35933,22.6,"BAY845","",81.7556
"CB5.4",2023-07-26,28,81.7466,7.62,1.83,35965,22.62,"BAY845","",81.7466
"CB5.4",2023-07-26,29,81.7106,7.61,1.79,36086,22.71,"BAY845","",81.7106
"CB5.4",2023-07-26,30,81.6926,7.61,1.81,36144,22.75,"BAY845","",81.6926
"CB5.4W",2023-07-26,1,84.4178,8.03,6.32,27057,16.51,"BAY845","",84.4178
"CB5.4W",2023-07-26,2,83.399,8.1,6.32,27033,16.5,"BAY845","",83.399
"CB5.4W",2023-07-26,3,83.03,8.06,5.98,27020,16.5,"BAY845","",83.03
"CB5.4W",2023-07-26,4,82.8554,8.07,6.03,27141,16.58,"BAY845","",82.8554
"CB5.5",2023-07-26,1,82.6394,8.24,7.44,28406,17.43,"BAY845","",82.6394
"CB5.5",2023-07-26,2,82.1534,8.23,7.29,29137,17.93,"BAY845","",82.1534
"CB5.5",2023-07-26,3,82.1462,8.22,7.17,29306,18.05,"BAY845","",82.1462
"CB5.5",2023-07-26,4,82.2578,8.13,6.67,30492,18.85,"BAY845","",82.2578
"CB5.5",2023-07-26,5,82.3064,8.17,6.72,30749,19.03,"BAY845","",82.3064
"CB5.5",2023-07-26,6,82.3334,8.17,6.63,30936,19.15,"BAY845","",82.3334
"CB5.5",2023-07-26,7,82.607,8.14,6.26,31486,19.53,"BAY845","",82.607
"CB5.5",2023-07-26,8,82.7762,8.09,5.55,31987,19.87,"BAY845","",82.7762
"CB5.5",2023-07-26,9,82.7906,7.96,4.41,32861,20.47,"BAY845","",82.7906
"CB5.5",2023-07-26,10,82.5908,7.85,3.44,33239,20.73,"BAY845","",82.5908
"CB5.5",2023-07-26,11,82.3298,7.74,2.64,33658,21.02,"BAY845","",82.3298
"CB5.5",2023-07-26,12,82.2254,7.7,2.36,33862,21.16,"BAY845","",82.2254
"CB5.5",2023-07-26,13,82.1822,7.69,2.23,33956,21.23,"BAY845","",82.1822
"CB5.5",2023-07-26,14,82.0688,7.65,2.01,34135,21.35,"BAY845","",82.0688
"CB6.1",2023-07-26,1,83.975,8.23,7.69,30203,18.64,"BAY845","",83.975
"CB6.1",2023-07-26,2,82.5818,8.28,7.68,30173,18.63,"BAY845","",82.5818
"CB6.1",2023-07-26,3,82.4018,8.25,7.33,30300,18.72,"BAY845","",82.4018
"CB6.1",2023-07-26,4,82.3946,8.2,6.86,30544,18.89,"BAY845","",82.3946
"CB6.1",2023-07-26,5,82.4954,8.14,6.32,30962,19.17,"BAY845","",82.4954
"CB6.1",2023-07-26,6,82.526,8.11,6,31157,19.3,"BAY845","",82.526
"CB6.1",2023-07-26,7,82.7726,8.06,5.32,31971,19.86,"BAY845","",82.7726
"CB6.1",2023-07-26,8,82.589,7.89,3.74,33487,20.9,"BAY845","",82.589
"CB6.1",2023-07-26,9,81.8888,7.61,1.65,34120,21.35,"BAY845","",81.8888
"CB6.1",2023-07-26,10,81.7106,7.56,1.38,34336,21.5,"BAY845","",81.7106
"CB6.1",2023-07-26,11,81.0896,7.47,0.86,36665,23.12,"BAY845","",81.0896
"CB6.2",2023-07-26,1,82.4324,8.16,6.88,30745,19.02,"BAY845","",82.4324
"CB6.2",2023-07-26,2,82.4504,8.17,6.8,30754,19.03,"BAY845","",82.4504
"CB6.2",2023-07-26,3,82.4342,8.17,6.73,30752,19.03,"BAY845","",82.4342
"CB6.2",2023-07-26,4,82.3982,8.16,6.55,30765,19.04,"BAY845","",82.3982
"CB6.2",2023-07-26,5,82.4342,8.14,6.25,30884,19.12,"BAY845","",82.4342
"CB6.2",2023-07-26,6,82.4036,8.13,5.97,30922,19.14,"BAY845","",82.4036
"CB6.2",2023-07-26,7,82.2452,7.89,3.87,32284,20.08,"BAY845","",82.2452
"CB6.2",2023-07-26,8,81.1688,7.52,1.25,36065,22.7,"BAY845","",81.1688
"CB6.2",2023-07-26,9,80.78,7.54,1.39,37408,23.65,"BAY845","",80.78
"CB6.3",2023-07-26,1,84.4268,8.21,7.65,30711,18.98,"BAY845","",84.4268
"CB6.3",2023-07-26,2,83.3252,8.29,8.14,30775,19.03,"BAY845","",83.3252
"CB6.3",2023-07-26,3,82.4432,8.27,7.78,30776,19.04,"BAY845","",82.4432
"CB6.3",2023-07-26,4,82.346,8.25,7.38,31019,19.21,"BAY845","",82.346
"CB6.3",2023-07-26,5,82.049,8.18,6.57,31166,19.31,"BAY845","",82.049
"CB6.3",2023-07-26,6,81.932,7.9,4.11,32890,20.5,"BAY845","",81.932
"CB6.3",2023-07-26,7,81.2876,7.66,2.26,35506,22.31,"BAY845","",81.2876
"CB6.3",2023-07-26,8,81.14,7.64,2.17,35896,22.59,"BAY845","",81.14
"CB6.3",2023-07-26,9,80.9978,7.63,2.11,36328,22.89,"BAY845","",80.9978
"CB6.3",2023-07-26,10,80.8106,7.66,2.41,36786,23.21,"BAY845","",80.8106
"CB6.3",2023-07-26,11,80.5262,7.69,2.76,37845,23.96,"BAY845","",80.5262
"CB6.4",2023-07-26,1,81.7934,8.13,6.92,34135,21.36,"BAY845","",81.7934
"CB6.4",2023-07-26,2,81.8186,8.15,6.82,34152,21.37,"BAY845","",81.8186
"CB6.4",2023-07-26,3,81.8348,8.15,6.76,34183,21.39,"BAY845","",81.8348
"CB6.4",2023-07-26,4,81.8582,8.15,6.69,34259,21.44,"BAY845","",81.8582
"CB6.4",2023-07-26,5,81.8888,8.14,6.62,34446,21.57,"BAY845","",81.8888
"CB6.4",2023-07-26,6,81.905,8.16,6.6,34634,21.7,"BAY845","",81.905
"CB6.4",2023-07-26,7,81.8186,8.13,6.17,34974,21.94,"BAY845","",81.8186
"CB6.4",2023-07-26,8,80.7638,7.88,4.26,36691,23.15,"BAY845","",80.7638
"CB6.4",2023-07-26,9,77.4122,7.54,1.77,41168,26.34,"BAY845","",77.4122
"CB8.1",2023-07-26,1,82.9706,8.21,7.48,37103,23.41,"BAY845","",82.9706
"CB8.1",2023-07-26,2,82.9094,8.22,7.43,37141,23.43,"BAY845","",82.9094
"CB8.1",2023-07-26,3,82.6988,8.21,7.31,37159,23.45,"BAY845","",82.6988
"CB8.1",2023-07-26,4,81.9716,8.17,6.88,37182,23.48,"BAY845","",81.9716
"CB8.1",2023-07-26,5,81.3956,8.12,6.51,37170,23.47,"BAY845","",81.3956
"CB8.1",2023-07-26,6,80.609,8.04,6,37384,23.63,"BAY845","",80.609
"CB8.1",2023-07-26,7,79.3202,7.99,5.77,38709,24.58,"BAY845","",79.3202
"CB8.1",2023-07-26,8,78.2852,7.94,5.58,39836,25.39,"BAY845","",78.2852
"LE3.6",2023-07-26,1,83.6564,8.18,6.86,29146,17.92,"BAY845","",83.6564
"LE3.6",2023-07-26,2,83.5538,8.19,6.58,29138,17.92,"BAY845","",83.5538
"LE3.6",2023-07-26,3,83.1416,8.11,5.95,29269,18.01,"BAY845","",83.1416
"LE3.6",2023-07-26,4,82.7654,8.05,5.64,29564,18.22,"BAY845","",82.7654
"LE3.6",2023-07-26,5,82.805,8.04,5.62,29705,18.31,"BAY845","",82.805
"LE3.6",2023-07-26,6,82.8158,8.02,5.61,29875,18.43,"BAY845","",82.8158
"LE3.6",2023-07-26,7,82.8986,8.03,5.56,30200,18.65,"BAY845","",82.8986
"LE3.6",2023-07-26,8,82.8158,7.9,4.62,30611,18.93,"BAY845","",82.8158
"LE3.7",2023-07-26,1,83.8526,8.15,6.73,29706,18.3,"BAY845","",83.8526
"LE3.7",2023-07-26,2,83.6726,8.15,6.45,29710,18.3,"BAY845","",83.6726
"LE3.7",2023-07-26,3,83.5754,8.14,6.33,29709,18.31,"BAY845","",83.5754
"LE3.7",2023-07-26,4,83.426,8.1,5.91,29716,18.31,"BAY845","",83.426
"LE3.7",2023-07-26,5,83.3756,8.07,5.67,29726,18.32,"BAY845","",83.3756
"LE3.7",2023-07-26,6,83.3504,8.03,5.46,29740,18.33,"BAY845","",83.3504
"CB7.4",2023-07-27,1,82.4846,8.13,7.22,38687,24.53,"BAY845","",82.4846
"CB7.4",2023-07-27,2,81.8384,8.16,7.25,39202,24.9,"BAY845","",81.8384
"CB7.4",2023-07-27,3,81.3146,8.16,7.24,39451,25.08,"BAY845","",81.3146
"CB7.4",2023-07-27,4,80.465,8.15,7.13,39928,25.43,"BAY845","",80.465
"CB7.4",2023-07-27,5,77.738,8.06,6.68,45268,29.28,"BAY845","",77.738
"CB7.4",2023-07-27,6,76.4654,8.06,6.65,46024,29.84,"BAY845","",76.4654
"CB7.4",2023-07-27,7,74.705,8.05,6.58,46663,30.32,"BAY845","",74.705
"CB7.4",2023-07-27,8,74.0426,8.04,6.54,46880,30.49,"BAY845","",74.0426
"CB7.4",2023-07-27,9,74.03,8.04,6.48,46937,30.53,"BAY845","",74.03
"CB7.4",2023-07-27,10,73.3208,8.02,6.38,47087,30.64,"BAY845","",73.3208
"CB7.4",2023-07-27,11,71.3894,8.01,6.35,47658,31.07,"BAY845","",71.3894
"CB7.4",2023-07-27,12,71.1482,8.01,6.35,47759,31.15,"BAY845","",71.1482
"CB7.4",2023-07-27,13,70.7864,7.99,6.32,47861,31.23,"BAY845","",70.7864
"CB7.4",2023-07-27,14,70.322,7.99,6.33,47997,31.33,"BAY845","",70.322
"CB7.4N",2023-07-27,1,81.32,8.1,7.18,41526,26.55,"BAY845","",81.32
"CB7.4N",2023-07-27,2,82.0058,8.11,7.2,40948,26.13,"BAY845","",82.0058
"CB7.4N",2023-07-27,3,81.4316,8.11,7.2,41342,26.42,"BAY845","",81.4316
"CB7.4N",2023-07-27,4,81.1256,8.11,7.18,41640,26.63,"BAY845","",81.1256
"CB7.4N",2023-07-27,5,80.9888,8.1,7.1,41876,26.8,"BAY845","",80.9888
"CB7.4N",2023-07-27,6,80.8394,8.08,6.94,42513,27.26,"BAY845","",80.8394
"CB7.4N",2023-07-27,7,80.834,8.08,6.9,42730,27.42,"BAY845","",80.834
"CB7.4N",2023-07-27,8,80.861,8.07,6.9,42945,27.57,"BAY845","",80.861
"CB7.4N",2023-07-27,9,80.9492,8.07,6.88,43415,27.9,"BAY845","",80.9492
"CB8.1E",2023-07-27,1,83.0084,8.11,7.53,36639,23.08,"BAY845","",83.0084
"CB8.1E",2023-07-27,2,83.0678,8.15,7.61,36587,23.05,"BAY845","",83.0678
"CB8.1E",2023-07-27,3,82.1876,8.15,7.58,36687,23.13,"BAY845","",82.1876
"CB8.1E",2023-07-27,4,81.4586,8.14,7.35,37231,23.52,"BAY845","",81.4586
"CB8.1E",2023-07-27,5,81.1058,8.13,7.17,37567,23.76,"BAY845","",81.1058
"CB8.1E",2023-07-27,6,80.5298,8.12,6.98,37942,24.03,"BAY845","",80.5298
"CB8.1E",2023-07-27,7,80.0978,8.07,6.58,38341,24.31,"BAY845","",80.0978
"CB8.1E",2023-07-27,8,79.8584,8.09,6.71,38742,24.6,"BAY845","",79.8584
"CB8.1E",2023-07-27,9,78.6326,8.04,6.3,40298,25.71,"BAY845","",78.6326
"CB8.1E",2023-07-27,10,71.6792,7.99,5.95,47029,30.62,"BAY845","",71.6792
"CB8.1E",2023-07-27,11,71.1716,7.99,5.97,47314,30.83,"BAY845","",71.1716
"CB8.1E",2023-07-27,12,70.8242,7.98,6.01,47485,30.95,"BAY845","",70.8242
"CB8.1E",2023-07-27,13,70.4912,7.98,6.03,47634,31.06,"BAY845","",70.4912
"CB8.1E",2023-07-27,14,70.2788,7.97,6.05,47728,31.13,"BAY845","",70.2788
"LE5.5-W",2023-07-27,1,82.3388,8,6.59,33555,20.95,"BAY845","",82.3388
"LE5.5-W",2023-07-27,2,82.6808,8.02,6.47,33662,21.02,"BAY845","",82.6808
"LE5.5-W",2023-07-27,3,82.7096,8.03,6.5,33724,21.06,"BAY845","",82.7096
"LE5.5-W",2023-07-27,4,82.6718,8.03,6.51,33738,21.07,"BAY845","",82.6718
"LE5.5-W",2023-07-27,5,82.5872,8.03,6.52,33771,21.1,"BAY845","",82.5872
"WE4.1",2023-07-27,1,83.8058,8.04,6.62,33679,21.02,"BAY845","",83.8058
"WE4.1",2023-07-27,2,83.7788,8.06,6.59,33684,21.02,"BAY845","",83.7788
"WE4.1",2023-07-27,3,83.5934,8.04,6.45,33695,21.03,"BAY845","",83.5934
"WE4.1",2023-07-27,4,83.4224,8.02,6.32,33723,21.05,"BAY845","",83.4224
"WE4.2",2023-07-27,1,83.8724,8.02,7.3,33856,21.14,"BAY845","",83.8724
"WE4.2",2023-07-27,2,83.7968,8.05,7.16,33876,21.15,"BAY845","",83.7968
"WE4.2",2023-07-27,3,83.7536,8.05,7.07,33882,21.16,"BAY845","",83.7536
"WE4.2",2023-07-27,4,83.6168,8.03,6.8,33915,21.18,"BAY845","",83.6168
"WE4.2",2023-07-27,5,83.5592,8.02,6.6,33954,21.21,"BAY845","",83.5592
"WE4.2",2023-07-27,6,83.4692,8.02,6.38,34015,21.25,"BAY845","",83.4692
"WE4.2",2023-07-27,7,83.3504,8,6.18,34076,21.3,"BAY845","",83.3504
"WE4.2",2023-07-27,8,83.4134,8,5.93,34190,21.37,"BAY845","",83.4134
"WE4.2",2023-07-27,9,82.9454,7.9,4.75,34538,21.62,"BAY845","",82.9454
"WE4.2",2023-07-27,10,81.8672,7.54,2.38,35557,22.34,"BAY845","",81.8672
"WE4.2",2023-07-27,11,79.4246,7.39,0.82,38751,24.61,"BAY845","",79.4246
"WE4.3",2023-07-27,1,83.8076,7.98,6.5,34960,21.9,"BAY845","",83.8076
"WE4.3",2023-07-27,2,83.8076,8,6.48,34952,21.9,"BAY845","",83.8076
"WE4.3",2023-07-27,3,83.7446,7.99,6.43,34954,21.9,"BAY845","",83.7446
"WE4.4",2023-07-27,1,83.7626,7.98,6.54,33950,21.21,"BAY845","",83.7626
"WE4.4",2023-07-27,2,83.5286,7.94,5.79,34095,21.31,"BAY845","",83.5286
"WE4.4",2023-07-27,3,83.4458,7.92,5.62,34136,21.34,"BAY845","",83.4458
"WE4.4",2023-07-27,4,83.4098,7.9,5.54,34158,21.35,"BAY845","",83.4098
"WE4.4",2023-07-27,5,83.3846,7.9,5.52,34174,21.36,"BAY845","",83.3846
"WE4.4",2023-07-27,6,83.372,7.89,5.55,34184,21.37,"BAY845","",83.372
"EBB01",2023-07-12,1,83.876,7.35,5.51,29015,16.46,"BAY844","",83.876
"EBB01",2023-07-12,2,83.84,7.32,4.92,28631,17.57,"BAY844","",83.84
"EBB01",2023-07-12,3,83.372,7.2,4.17,29650,18.26,"BAY844","",83.372
"EBB01",2023-07-12,4,82.994,7.18,3.88,30513,18.86,"BAY844","",82.994
"EBB01",2023-07-12,5,82.814,7.19,3.95,30863,19.1,"BAY844","",82.814
"EBB01",2023-07-12,6,82.796,7.18,3.93,30926,19.14,"BAY844","",82.796
"EBE1",2023-07-12,1,82.814,7.45,5.7,29730,18.32,"BAY844","",82.814
"EBE1",2023-07-12,2,82.85,7.38,5.28,30400,18.78,"BAY844","",82.85
"EBE1",2023-07-12,3,82.796,7.37,5.13,30532,18.87,"BAY844","",82.796
"EBE1",2023-07-12,4,82.778,7.35,5.02,30689,18.98,"BAY844","",82.778
"EBE1",2023-07-12,5,82.76,7.35,4.75,30777,19.03,"BAY844","",82.76
"EBE1",2023-07-12,6,82.67,7.3,4.51,31106,19.26,"BAY844","",82.67
"EBE1",2023-07-12,7,82.472,7.32,4.47,31669,19.65,"BAY844","",82.472
"EBE1",2023-07-12,8,81.734,7.31,4,32965,20.55,"BAY844","",81.734
"ELD01",2023-07-13,1,82.67,7.65,6.39,31895,19.81,"BAY844","",82.67
"ELD01",2023-07-13,2,82.67,7.65,6.36,31898,19.81,"BAY844","",82.67
"ELD01",2023-07-13,3,82.634,7.69,6.32,32437,20.19,"BAY844","",82.634
"ELD01",2023-07-13,4,82.634,7.69,6.29,32610,20.3,"BAY844","",82.634
"ELD01",2023-07-13,5,82.616,7.67,5.94,32838,20.45,"BAY844","",82.616
"ELD01",2023-07-13,6,82.562,7.61,5.36,33092,20.63,"BAY844","",82.562
"ELD01",2023-07-13,7,82.166,7.54,4.88,33468,20.89,"BAY844","",82.166
"ELE01",2023-07-12,1,82.49,7.37,5.04,30742,19.02,"BAY844","",82.49
"ELE01",2023-07-12,2,82.472,7.34,4.76,30946,19.15,"BAY844","",82.472
"ELE01",2023-07-12,3,82.292,7.33,4.43,31211,19.33,"BAY844","",82.292
"ELE01",2023-07-12,4,81.95,7.35,4.14,32582,20.26,"BAY844","",81.95
"ELE01",2023-07-12,5,82.022,7.34,4.1,32906,20.51,"BAY844","",82.022
"ELE01",2023-07-12,6,81.716,7.34,4.1,33133,20.66,"BAY844","",81.716
"ELE01",2023-07-12,7,81.554,7.37,3.99,33415,20.86,"BAY844","",81.554
"ELE01",2023-07-12,8,81.446,7.37,3.97,33773,21.06,"BAY844","",81.446
"ELE01",2023-07-12,9,81.356,7.37,3.94,33770,21.11,"BAY844","",81.356
"ELE01",2023-07-12,10,81.194,7.38,3.95,34048,21.31,"BAY844","",81.194
"ELE01",2023-07-12,11,80.96,7.48,4.47,34758,21.84,"BAY844","",80.96
"ELI2",2023-07-13,1,82.544,7.69,6.36,32548,20.25,"BAY844","",82.544
"ELI2",2023-07-13,2,82.562,7.69,6.37,32603,20.3,"BAY844","",82.562
"ELI2",2023-07-13,3,82.562,7.69,6.31,32595,20.29,"BAY844","",82.562
"ELI2",2023-07-13,4,82.562,7.68,6.2,32755,20.41,"BAY844","",82.562
"ELI2",2023-07-13,5,82.526,7.67,6.11,32834,20.49,"BAY844","",82.526
"ELI2",2023-07-13,6,82.4,7.66,5.9,33058,20.61,"BAY844","",82.4
"ELI2",2023-07-13,7,82.364,7.63,5.74,33366,20.87,"BAY844","",82.364
"ELI2",2023-07-13,8,82.238,7.64,5.6,33434,20.86,"BAY844","",82.238
"ELI2",2023-07-13,9,82.04,7.65,5.59,33723,21.06,"BAY844","",82.04
"ELI2",2023-07-13,10,81.842,7.63,5.32,33970,21.25,"BAY844","",81.842
"ELI2",2023-07-13,11,81.644,7.61,5.24,34222,21.41,"BAY844","",81.644
"LE3.1",2023-07-11,1,81.644,7.68,6.41,24211,14.64,"BAY844","",81.644
"LE3.1",2023-07-11,2,80.834,7.5,5.25,24630,14.94,"BAY844","",80.834
"LE3.1",2023-07-11,3,80.816,7.48,4.97,24731,15,"BAY844","",80.816
"LE3.1",2023-07-11,4,80.744,7.45,4.54,25057,15.22,"BAY844","",80.744
"LE3.1",2023-07-11,5,80.132,7.26,2.77,25799,15.78,"BAY844","",80.132
"LE3.1",2023-07-11,6,79.358,7.17,3.31,27563,16.9,"BAY844","",79.358
"LE3.2",2023-07-11,1,81.788,7.93,7.59,25300,15.36,"BAY844","",81.788
"LE3.2",2023-07-11,2,81.518,7.86,6.95,25542,15.52,"BAY844","",81.518
"LE3.2",2023-07-11,3,81.086,7.83,6.55,25655,15.6,"BAY844","",81.086
"LE3.2",2023-07-11,4,80.834,7.71,5.4,26126,15.93,"BAY844","",80.834
"LE3.2",2023-07-11,5,79.97,7.37,2.87,27792,17.07,"BAY844","",79.97
"LE3.2",2023-07-11,6,79.736,7.3,2.01,28472,17.5,"BAY844","",79.736
"LE3.2",2023-07-11,7,79.16,7.24,1.5,28545,17.58,"BAY844","",79.16
"LE3.2",2023-07-11,8,78.98,7.23,1.39,28824,17.75,"BAY844","",78.98
"LE3.2",2023-07-11,9,79.07,7.25,1.5,28956,17.82,"BAY844","",79.07
"LE3.2",2023-07-11,10,78.818,7.22,1.32,29068,17.92,"BAY844","",78.818
"LE3.2",2023-07-11,11,78.674,7.21,1.25,29076,17.93,"BAY844","",78.674
"LE3.2",2023-07-11,12,78.62,7.21,1.24,29120,17.96,"BAY844","",78.62
"LE3.2",2023-07-11,13,78.602,7.2,1.3,29137,17.97,"BAY844","",78.602
"LE3.3",2023-07-11,1,82.634,7.68,4.9,26608,16.19,"BAY844","",82.634
"LE3.3",2023-07-11,2,82.13,7.51,3.67,27007,16.54,"BAY844","",82.13
"LE3.3",2023-07-11,3,81.752,7.39,2.82,27336,16.72,"BAY844","",81.752
"LE3.3",2023-07-11,4,81.212,7.29,2.01,27727,16.99,"BAY844","",81.212
"LE3.3",2023-07-11,5,81.086,7.27,1.98,27845,17.07,"BAY844","",81.086
"LE3.4",2023-07-11,1,82.814,8.11,8.33,27025,16.51,"BAY844","",82.814
"LE3.4",2023-07-11,2,82.292,8.19,8.54,27058,16.53,"BAY844","",82.292
"LE3.4",2023-07-11,3,81.896,8.14,8.66,27019,16.51,"BAY844","",81.896
"LE3.4",2023-07-11,4,81.788,8.07,7.92,27020,16.15,"BAY844","",81.788
"LE3.4",2023-07-11,5,81.77,8.01,7.34,27062,16.54,"BAY844","",81.77
"LE3.4",2023-07-11,6,81.77,7.92,6.37,27464,16.85,"BAY844","",81.77
"LE3.4",2023-07-11,7,81.176,7.63,4.17,28902,17.78,"BAY844","",81.176
"LE3.4",2023-07-11,8,80.96,7.57,3.77,29032,17.88,"BAY844","",80.96
"LE3.4",2023-07-11,9,80.798,7.53,3.47,29050,17.9,"BAY844","",80.798
"LE3.4",2023-07-11,10,80.654,7.5,3.26,29261,18.03,"BAY844","",80.654
"LE3.4",2023-07-11,11,80.654,7.5,3.28,29306,18.06,"BAY844","",80.654
"LE3.4",2023-07-11,12,80.672,7.5,3.33,29361,18.1,"BAY844","",80.672
"LE3.4",2023-07-11,13,80.654,7.49,3.3,29424,18.14,"BAY844","",80.654
"LE3.4",2023-07-11,14,80.6,7.47,3.27,29423,18.15,"BAY844","",80.6
"LE4.1",2023-07-25,1,83.354,7.46,4.99,25544,15.5,"BAY844","",83.354
"LE4.1",2023-07-25,2,83.48,7.46,4.94,25700,15.59,"BAY844","",83.48
"LE4.1",2023-07-25,3,83.786,7.49,4.96,26678,16.26,"BAY844","",83.786
"LE4.1",2023-07-25,4,83.966,7.49,4.75,26988,16.5,"BAY844","",83.966
"LE4.1",2023-07-25,5,83.912,7.43,4.12,27572,16.86,"BAY844","",83.912
"LE4.1",2023-07-25,6,83.966,7.37,3.29,28176,17.26,"BAY844","",83.966
"LE4.1",2023-07-25,7,83.894,7.31,2.68,28759,17.66,"BAY844","",83.894
"LE4.1",2023-07-25,8,83.858,7.3,2.48,29001,17.81,"BAY844","",83.858
"LE4.1",2023-07-25,9,83.822,7.32,2.49,29103,17.89,"BAY844","",83.822
"LE4.2",2023-07-25,1,82.706,7.67,5.57,31316,19.41,"BAY844","",82.706
"LE4.2",2023-07-25,2,82.742,7.68,5.5,31368,19.58,"BAY844","",82.742
"LE4.2",2023-07-25,3,83.048,7.67,5.46,31952,19.84,"BAY844","",83.048
"LE4.2",2023-07-25,4,82.886,7.68,5.5,31904,19.81,"BAY844","",82.886
"LE4.2",2023-07-25,5,82.922,7.69,5.32,31907,19.81,"BAY844","",82.922
"LE4.2",2023-07-25,6,83.102,7.63,4.66,32304,20.07,"BAY844","",83.102
"LE4.2",2023-07-25,7,83.084,7.55,3.95,33260,20.74,"BAY844","",83.084
"LE4.2",2023-07-25,8,83.048,7.51,3.43,33363,20.81,"BAY844","",83.048
"LE4.2",2023-07-25,9,82.904,7.42,2.99,33744,21.08,"BAY844","",82.904
"LE4.2",2023-07-25,10,82.814,7.4,2.61,33879,21.17,"BAY844","",82.814
"LE4.2",2023-07-25,11,82.778,7.4,2.53,34010,21.26,"BAY844","",82.778
"LE4.2",2023-07-25,12,82.742,7.41,2.46,34116,21.33,"BAY844","",82.742
"LE4.2",2023-07-25,13,82.652,7.42,2.57,34189,21.38,"BAY844","",82.652
"LE4.3",2023-07-25,1,82.58,7.77,6.27,33794,21.11,"BAY844","",82.58
"LE4.3",2023-07-25,2,82.58,7.76,6.12,33801,21.12,"BAY844","",82.58
"LE4.3",2023-07-25,3,82.598,7.75,6.07,33813,21.13,"BAY844","",82.598
"LE4.3",2023-07-25,4,82.616,7.73,5.9,33825,21.13,"BAY844","",82.616
"LE4.3",2023-07-25,5,82.58,7.72,5.83,33849,21.15,"BAY844","",82.58
"LE4.3",2023-07-25,6,82.598,7.71,5.61,33907,21.19,"BAY844","",82.598
"LE4.3",2023-07-25,7,82.688,7.68,5.27,33991,21.25,"BAY844","",82.688
"LE4.3",2023-07-25,8,82.436,7.64,4.35,34124,21.34,"BAY844","",82.436
"LE4.3",2023-07-25,9,82.4,7.44,2.86,34951,21.92,"BAY844","",82.4
"LE4.3",2023-07-25,10,82.256,7.4,2.36,35274,22.14,"BAY844","",82.256
"LE4.3",2023-07-25,11,81.824,7.35,1.79,35942,22.61,"BAY844","",81.824
"LE4.3",2023-07-25,12,81.536,7.34,1.82,36515,23.02,"BAY844","",81.536
"LE5.1",2023-07-18,1,85.874,7.41,5.53,5066,2.69,"BAY844","",85.874
"LE5.1",2023-07-18,2,85.91,7.41,5.5,5150,2.74,"BAY844","",85.91
"LE5.1",2023-07-18,3,85.946,7.42,5.49,5200,2.77,"BAY844","",85.946
"LE5.1",2023-07-18,4,85.946,7.43,5.49,5270,2.81,"BAY844","",85.946
"LE5.1",2023-07-18,5,85.964,7.45,5.49,5301,2.81,"BAY844","",85.964
"LE5.1",2023-07-18,6,85.964,7.47,5.49,5306,2.83,"BAY844","",85.964
"LE5.1",2023-07-18,7,85.964,7.48,5.5,5334,2.85,"BAY844","",85.964
"LE5.1",2023-07-18,8,85.982,7.5,5.5,5343,2.85,"BAY844","",85.982
"LE5.1",2023-07-18,9,85.982,7.55,5.53,5406,2.89,"BAY844","",85.982
"LE5.2",2023-07-18,1,84.56,7.48,5.72,16014,9.31,"BAY844","",84.56
"LE5.2",2023-07-18,2,84.65,7.46,5.48,17090,9.99,"BAY844","",84.65
"LE5.2",2023-07-18,3,84.524,7.46,5.32,18443,10.82,"BAY844","",84.524
"LE5.2",2023-07-18,4,84.344,7.46,5.17,20085,11.92,"BAY844","",84.344
"LE5.2",2023-07-18,5,84.272,7.47,5.13,20797,12.41,"BAY844","",84.272
"LE5.2",2023-07-18,6,84.182,7.48,5.08,21360,12.72,"BAY844","",84.182
"LE5.2",2023-07-18,7,83.858,7.5,4.83,23329,13.9,"BAY844","",83.858
"LE5.2",2023-07-18,8,83.354,7.5,4.44,26460,16.09,"BAY844","",83.354
"LE5.2",2023-07-18,9,82.454,7.52,4.08,29931,18.43,"BAY844","",82.454
"LE5.3",2023-07-18,1,84.128,7.79,6.85,23163,13.92,"BAY844","",84.128
"LE5.3",2023-07-18,2,84.182,7.76,6.64,24160,14.62,"BAY844","",84.182
"LE5.3",2023-07-18,3,83.966,7.72,6.27,24754,14.98,"BAY844","",83.966
"LE5.3",2023-07-18,4,83.768,7.68,5.97,25767,15.66,"BAY844","",83.768
"LE5.3",2023-07-18,5,83.336,7.68,5.7,27483,16.84,"BAY844","",83.336
"LE5.3",2023-07-18,6,81.482,7.64,4.88,33232,20.72,"BAY844","",81.482
"LE5.4",2023-07-18,1,81.878,7.76,5.99,33540,20.95,"BAY844","",81.878
"LE5.4",2023-07-18,2,81.608,7.75,5.88,34372,21.52,"BAY844","",81.608
"LE5.4",2023-07-18,3,81.41,7.75,5.78,34752,21.79,"BAY844","",81.41
"LE5.4",2023-07-18,4,81.05,7.74,5.65,35369,22.23,"BAY844","",81.05
"LE5.4",2023-07-18,5,80.996,7.74,5.64,35541,22.36,"BAY844","",80.996
"LE5.4",2023-07-18,6,80.906,7.74,5.63,35676,22.45,"BAY844","",80.906
"LE5.4",2023-07-18,7,80.834,7.74,5.59,35845,22.56,"BAY844","",80.834
"LE5.4",2023-07-18,8,80.42,7.74,5.51,36321,22.9,"BAY844","",80.42
"LE5.6",2023-07-13,1,82.436,7.79,6.78,32621,20.31,"BAY844","",82.436
"LE5.6",2023-07-13,2,82.49,7.79,6.55,32709,20.35,"BAY844","",82.49
"LE5.6",2023-07-13,3,82.472,7.75,6.47,33100,20.65,"BAY844","",82.472
"LE5.6",2023-07-13,4,82.49,7.75,6.42,33121,20.65,"BAY844","",82.49
"LE5.6",2023-07-13,5,82.346,7.76,6.36,33231,20.73,"BAY844","",82.346
"LE5.6",2023-07-13,6,82.31,7.75,6.27,33295,20.77,"BAY844","",82.31
"LE5.6",2023-07-13,7,82.076,7.75,6.13,33577,20.95,"BAY844","",82.076
"LE5.6",2023-07-13,8,81.842,7.74,6.03,33847,21.16,"BAY844","",81.842
"LE5.6",2023-07-13,9,81.554,7.73,5.8,34200,21.4,"BAY844","",81.554
"LE5.6",2023-07-13,10,80.816,7.7,5.45,35309,22.22,"BAY844","",80.816
"LE5.6",2023-07-13,11,79.826,7.69,5.24,36815,23.26,"BAY844","",79.826
"LFA01",2023-07-13,1,82.562,7.76,6.62,32837,20.44,"BAY844","",82.562
"LFA01",2023-07-13,2,82.562,7.76,6.61,32850,20.46,"BAY844","",82.562
"LFA01",2023-07-13,3,82.544,7.76,6.55,32918,20.51,"BAY844","",82.544
"LFA01",2023-07-13,4,82.526,7.74,6.31,33051,20.59,"BAY844","",82.526
"LFB01",2023-07-13,1,85.316,7.41,4.87,30590,18.93,"BAY844","",85.316
"LFB01",2023-07-13,2,85.19,7.43,4.96,31077,19.22,"BAY844","",85.19
"LFB01",2023-07-13,3,85.298,7.42,4.88,31184,19.29,"BAY844","",85.298
"RET3.1",2023-07-11,1,84.56,7.6,7.85,13270,7.59,"BAY844","",84.56
"RET3.1",2023-07-11,2,84.362,7.51,7.46,13487,7.41,"BAY844","",84.362
"RET3.1",2023-07-11,3,84.362,7.43,7,13954,8.01,"BAY844","",84.362
"RET3.1",2023-07-11,4,83.642,7.24,5.95,14269,8.23,"BAY844","",83.642
"RET3.2",2023-07-11,1,83.354,7.86,8.14,21114,12.53,"BAY844","",83.354
"RET3.2",2023-07-11,2,82.364,7.69,7.09,21960,13.16,"BAY844","",82.364
"RET3.2",2023-07-11,3,81.716,7.44,5.63,22540,13.5,"BAY844","",81.716
"RET3.2",2023-07-11,4,81.194,7.23,3.75,23703,14.29,"BAY844","",81.194
"RET3.2",2023-07-11,5,80.456,7.13,2.41,25088,15.24,"BAY844","",80.456
"RET4.1",2023-07-25,1,84.632,7.14,4.15,12824,7.31,"BAY844","",84.632
"RET4.1",2023-07-25,2,84.686,7.15,4.07,13321,7.6,"BAY844","",84.686
"RET4.1",2023-07-25,3,84.704,7.19,4.04,13555,7.76,"BAY844","",84.704
"RET4.1",2023-07-25,4,84.704,7.28,4.06,13825,7.94,"BAY844","",84.704
"RET4.2",2023-07-18,1,85.442,7.06,4.77,11806,6.67,"BAY844","",85.442
"RET4.2",2023-07-18,2,85.316,7.04,4.55,11709,6.63,"BAY844","",85.316
"RET4.2",2023-07-18,3,85.262,7.03,4.43,12013,6.82,"BAY844","",85.262
"RET4.2",2023-07-18,4,85.19,7.02,4.35,11975,6.79,"BAY844","",85.19
"RET4.2",2023-07-18,5,84.866,7,3.92,12389,7.06,"BAY844","",84.866
"RET4.2",2023-07-18,6,84.866,6.99,3.91,12386,7.06,"BAY844","",84.866
"RET4.2",2023-07-18,7,84.812,6.99,3.85,12430,7.08,"BAY844","",84.812
"RET4.2",2023-07-18,8,84.848,6.99,3.88,12438,7.1,"BAY844","",84.848
"RET4.2",2023-07-18,9,84.758,6.98,3.73,12408,7.08,"BAY844","",84.758
"RET4.2",2023-07-18,10,84.812,6.97,3.89,12628,7.17,"BAY844","",84.812
"RET4.2",2023-07-18,11,84.668,6.9,3.36,12641,7.2,"BAY844","",84.668
"RET4.2",2023-07-18,12,84.668,6.89,3.4,12624,7.2,"BAY844","",84.668
"RET4.2",2023-07-18,13,84.668,6.86,3.48,12608,7.19,"BAY844","",84.668
"RET4.3",2023-07-25,1,84.164,7.35,5.22,21119,12.59,"BAY844","",84.164
"RET4.3",2023-07-25,2,84.164,7.37,4.98,22481,13.47,"BAY844","",84.164
"RET4.3",2023-07-25,3,84.11,7.4,5.03,22748,13.65,"BAY844","",84.11
"RET4.3",2023-07-25,4,84.056,7.42,5.03,22820,13.7,"BAY844","",84.056
"RET4.3",2023-07-25,5,84.092,7.44,4.97,23106,13.9,"BAY844","",84.092
"RET5.1A",2023-07-06,1,85.1,7.12,5.54,639,0.31,"BAY844","",85.1
"RET5.1A",2023-07-06,2,84.992,7.12,5.42,640,0.31,"BAY844","",84.992
"RET5.1A",2023-07-06,3,84.974,7.11,5.41,640,0.31,"BAY844","",84.974
"RET5.1A",2023-07-06,4,84.956,7.11,5.43,641,0.31,"BAY844","",84.956
"RET5.2",2023-07-18,1,85.082,7.72,5.82,610,0.29,"BAY844","",85.082
"RET5.2",2023-07-18,2,85.082,7.73,5.82,615,0.3,"BAY844","",85.082
"RET5.2",2023-07-18,3,85.082,7.73,5.8,618,0.3,"BAY844","",85.082
"RET5.2",2023-07-18,4,85.082,7.73,5.8,647,0.31,"BAY844","",85.082
"RET5.2",2023-07-18,5,85.082,7.73,5.8,655,0.31,"BAY844","",85.082
"RET5.2",2023-07-18,6,85.082,7.76,5.81,654,0.32,"BAY844","",85.082
"RET5.2",2023-07-18,7,85.082,7.8,5.82,672,0.32,"BAY844","",85.082
"RET5.2",2023-07-18,8,85.082,7.84,5.85,699,0.34,"BAY844","",85.082
"SBE2",2023-07-12,1,82.454,7.24,4.48,29686,18.32,"BAY844","",82.454
"SBE2",2023-07-12,2,82.4,7.24,4.25,30150,18.55,"BAY844","",82.4
"SBE2",2023-07-12,3,82.328,7.24,4.04,30466,18.79,"BAY844","",82.328
"SBE2",2023-07-12,4,81.86,7.25,3.76,31262,19.36,"BAY844","",81.86
"SBE2",2023-07-12,5,81.716,7.27,3.6,32325,20.12,"BAY844","",81.716
"SBE2",2023-07-12,6,82.346,7.29,3.58,32715,20.37,"BAY844","",82.346
"SBE2",2023-07-12,7,81.572,7.3,3.59,32876,20.48,"BAY844","",81.572
"SBE2",2023-07-12,8,81.554,7.3,3.6,32930,20.52,"BAY844","",81.554
"SBE2",2023-07-12,9,81.572,7.31,3.61,32954,20.55,"BAY844","",81.572
"SBE2",2023-07-12,10,81.536,7.31,3.65,33071,20.56,"BAY844","",81.536
"SBE2",2023-07-12,11,81.518,7.32,3.68,33096,20.64,"BAY844","",81.518
"SBE2",2023-07-12,12,81.32,7.34,3.67,33524,20.93,"BAY844","",81.32
"SBE5",2023-07-12,1,83.408,7.08,4.5,24841,15,"BAY844","",83.408
"SBE5",2023-07-12,2,83.39,7.07,4.08,25724,15.58,"BAY844","",83.39
"SBE5",2023-07-12,3,83.138,7.1,3.99,27420,16.74,"BAY844","",83.138
"SBE5",2023-07-12,4,83.048,7.12,4.04,27762,16.98,"BAY844","",83.048
"SBE5",2023-07-12,5,82.994,7.14,4.17,27947,17.11,"BAY844","",82.994
"TF3.1B",2023-07-11,1,84.776,6.84,6.17,93,0.04,"BAY844","",84.776
"TF3.1B",2023-07-11,2,84.74,6.83,6.13,93,0.04,"BAY844","",84.74
"TF3.1B",2023-07-11,3,84.704,6.83,6.05,93,0.04,"BAY844","",84.704
"TF3.1E",2023-07-11,1,85.694,7.09,5.97,111,0.05,"BAY844","",85.694
"TF3.1E",2023-07-11,2,85.586,7.08,5.84,112,0.05,"BAY844","",85.586
"TF3.1E",2023-07-11,3,85.586,7.08,5.83,112,0.05,"BAY844","",85.586
"TF3.1F",2023-07-11,1,83.84,7.67,7.84,103,0.05,"BAY844","",83.84
"TF3.1F",2023-07-11,2,83.282,7.57,7.63,103,0.05,"BAY844","",83.282
"TF3.1F",2023-07-11,3,83.12,7.57,7.56,103,0.05,"BAY844","",83.12
"TF3.2",2023-07-11,1,84.47,6.75,5.32,81,0.04,"BAY844","",84.47
"TF3.2",2023-07-11,2,84.164,6.76,5.11,81,0.04,"BAY844","",84.164
"TF3.2",2023-07-11,3,84.128,6.74,4.98,81,0.04,"BAY844","",84.128
"TF3.2",2023-07-11,4,84.074,6.71,4.93,80,0.04,"BAY844","",84.074
"TF3.2",2023-07-11,5,83.984,6.71,4.84,80,0.04,"BAY844","",83.984
"TF3.2",2023-07-11,6,83.912,6.7,4.77,79,0.04,"BAY844","",83.912
"TF3.2",2023-07-11,7,83.894,6.66,4.76,79,0.04,"BAY844","",83.894
"TF3.2A",2023-07-11,1,84.488,7.14,6.67,515,0.24,"BAY844","",84.488
"TF3.2A",2023-07-11,2,84.452,7.1,6.54,476,0.23,"BAY844","",84.452
"TF3.2A",2023-07-11,3,84.416,7.12,6.39,470,0.22,"BAY844","",84.416
"TF3.2A",2023-07-11,4,84.38,7.11,6.39,422,0.21,"BAY844","",84.38
"TF3.2A",2023-07-11,5,84.38,7.11,6.39,414,0.2,"BAY844","",84.38
"TF3.2A",2023-07-11,6,84.38,7.11,6.41,408,0.19,"BAY844","",84.38
"TF3.3",2023-07-11,1,85.91,8.05,9.06,4895,2.6,"BAY844","",85.91
"TF3.3",2023-07-11,2,84.452,7.31,7.18,4919,2.62,"BAY844","",84.452
"TF3.3",2023-07-11,3,84.308,7.18,6.41,5746,3.1,"BAY844","",84.308
"TF3.3",2023-07-11,4,84.056,7.15,6.21,6020,3.25,"BAY844","",84.056
"TF3.3",2023-07-11,5,84.002,7.13,6.06,6037,3.26,"BAY844","",84.002
"TF3.3",2023-07-11,6,83.858,7.13,5.98,6065,3.27,"BAY844","",83.858
"TF3.3",2023-07-11,7,83.984,7.13,5.91,6108,3.3,"BAY844","",83.984
"TF4.2",2023-07-18,1,85.208,6.94,6.07,128.2,NA,"BAY844","",85.208
"TF4.2",2023-07-18,2,85.19,6.94,6.03,130.8,NA,"BAY844","",85.19
"TF4.2",2023-07-18,3,85.19,6.93,5.99,130.5,NA,"BAY844","",85.19
"TF4.2",2023-07-18,4,85.19,6.92,5.96,131,NA,"BAY844","",85.19
"TF4.2",2023-07-18,5,85.208,6.92,5.94,130.9,NA,"BAY844","",85.208
"TF4.2",2023-07-18,6,85.19,6.89,5.92,132.9,NA,"BAY844","",85.19
"TF4.4",2023-07-18,1,86.792,6.57,5.1,69.5,NA,"BAY844","",86.792
"TF4.4",2023-07-18,2,86.522,6.54,5.06,69.4,NA,"BAY844","",86.522
"TF4.4",2023-07-18,3,86.468,6.52,5.01,69.5,NA,"BAY844","",86.468
"TF4.4",2023-07-18,4,86.45,6.42,4.96,69.3,NA,"BAY844","",86.45
"TF5.2",2023-07-06,1,84.146,7.45,7.92,123,NA,"BAY844","",84.146
"TF5.2A",2023-07-06,1,86.18,7.54,6.69,121.2,0.06,"BAY844","",86.18
"TF5.2A",2023-07-06,2,85.694,7.5,6.9,122.5,0.06,"BAY844","",85.694
"TF5.2A",2023-07-06,3,85.64,7.54,6.87,122.4,0.06,"BAY844","",85.64
"TF5.2A",2023-07-06,4,85.658,7.48,6.84,122.3,0.06,"BAY844","",85.658
"TF5.2A",2023-07-06,5,85.694,7.47,6.8,122.1,0.06,"BAY844","",85.694
"TF5.3",2023-07-06,1,86.594,7.65,7.49,155.8,0.07,"BAY844","",86.594
"TF5.3",2023-07-06,2,86.09,7.6,7.38,155.7,0.07,"BAY844","",86.09
"TF5.3",2023-07-06,3,85.316,7.53,7.09,154.3,0.07,"BAY844","",85.316
"TF5.3",2023-07-06,4,84.578,7.47,6.82,153,0.07,"BAY844","",84.578
"TF5.3",2023-07-06,5,84.38,7.43,6.8,150.6,0.07,"BAY844","",84.38
"TF5.3",2023-07-06,6,84.362,7.44,6.8,150.2,0.07,"BAY844","",84.362
"TF5.4",2023-07-06,1,86.18,7.43,7.84,146.2,0.07,"BAY844","",86.18
"TF5.4",2023-07-06,2,86.198,7.43,7.88,146.1,0.07,"BAY844","",86.198
"TF5.4",2023-07-06,3,86.198,7.44,7.88,146.4,0.07,"BAY844","",86.198
"TF5.4",2023-07-06,4,86.162,7.43,7.76,146.9,0.07,"BAY844","",86.162
"TF5.5",2023-07-06,1,86.108,7.82,8.04,213.6,0.1,"BAY844","",86.108
"TF5.5",2023-07-06,2,86.09,7.85,8.11,214,0.1,"BAY844","",86.09
"TF5.5",2023-07-06,3,86.072,7.83,8.08,214.7,0.1,"BAY844","",86.072
"TF5.5",2023-07-06,4,86.054,7.8,7.97,214.5,0.1,"BAY844","",86.054
"TF5.5",2023-07-06,5,86.054,7.81,7.99,214.5,0.1,"BAY844","",86.054
"TF5.5",2023-07-06,6,86.054,7.8,7.95,214.2,0.1,"BAY844","",86.054
"TF5.5",2023-07-06,7,86.072,7.82,8.03,214.4,0.1,"BAY844","",86.072
"TF5.5",2023-07-06,8,86.072,7.82,8.01,215.1,0.1,"BAY844","",86.072
"TF5.5A",2023-07-06,1,85.496,8.23,8.82,216.6,0.1,"BAY844","",85.496
"TF5.5A",2023-07-06,2,85.442,8.2,8.74,216.6,0.1,"BAY844","",85.442
"TF5.5A",2023-07-06,3,85.46,8.2,8.72,216.5,0.1,"BAY844","",85.46
"TF5.5A",2023-07-06,4,85.46,8.2,8.71,216.5,0.1,"BAY844","",85.46
"TF5.5A",2023-07-06,5,85.424,8.2,8.69,216.4,0.1,"BAY844","",85.424
"TF5.5A",2023-07-06,6,85.406,8.2,8.69,216.4,0.1,"BAY844","",85.406
"TF5.5A",2023-07-06,7,85.388,8.2,8.67,216.3,0.1,"BAY844","",85.388
"TF5.5A",2023-07-06,8,85.388,8.18,8.65,216.3,0.1,"BAY844","",85.388
"TF5.6",2023-07-06,1,84.02,7.85,7.88,248,0.12,"BAY844","",84.02
"TF5.6",2023-07-06,2,84.002,7.86,7.77,248.1,0.12,"BAY844","",84.002
"TF5.6",2023-07-06,3,83.984,7.81,7.61,248.5,0.12,"BAY844","",83.984
"TF5.6",2023-07-06,4,83.966,7.8,7.58,248.5,0.12,"BAY844","",83.966
"TF5.6",2023-07-06,5,83.948,7.78,7.5,248.4,0.12,"BAY844","",83.948
"TF5.6",2023-07-06,6,83.948,7.78,7.5,248.9,0.12,"BAY844","",83.948
"TF5.6",2023-07-06,7,83.93,7.76,7.45,249,0.12,"BAY844","",83.93
"TF5.6",2023-07-06,8,83.912,7.76,7.43,249.3,0.12,"BAY844","",83.912
"TF5.6",2023-07-06,9,83.912,7.75,7.38,249.4,0.12,"BAY844","",83.912
"WBB05",2023-07-13,1,85.118,7.49,5.08,27816,17.01,"BAY844","",85.118
"WBB05",2023-07-13,2,85.658,7.41,4.44,29091,17.86,"BAY844","",85.658
"WBB05",2023-07-13,3,85.586,7.42,4.46,29197,17.94,"BAY844","",85.586
"WBB05",2023-07-13,4,85.604,7.43,4.57,29288,17.99,"BAY844","",85.604
"WBE1",2023-07-13,1,83.696,7.6,5.79,30998,19.18,"BAY844","",83.696
"WBE1",2023-07-13,2,83.624,7.62,5.75,31361,19.42,"BAY844","",83.624
"WBE1",2023-07-13,3,83.048,7.58,5.33,32655,20.32,"BAY844","",83.048
